{"z0": 50.0, "z1": -44.85462951660156, "uv": [[0.175711989402771, 0.37838268280029297], [0.175711989402771, 0.6082485318183899], [0.3171093761920929, 0.3763394057750702], [0.3171093761920929, 0.6101327538490295], [0.6353054046630859, 0.31613633036613464], [0.6353054046630859, 0.6665106415748596], [0.8716816306114197, 0.32274383306503296], [0.8716816306114197, 0.6602326035499573]]}