{"z0": 50.0, "z1": -47.60875701904297, "uv": [[0.0642344057559967, 0.33739081025123596], [0.0642344057559967, 0.654114842414856], [0.4501243531703949, 0.36987435817718506], [0.4501243531703949, 0.6226109862327576], [0.6435254812240601, 0.4125075042247772], [0.6435254812240601, 0.5815891027450562], [0.8337529301643372, 0.4045238494873047], [0.8337529301643372, 0.5892472863197327]]}