{"z0": 50.0, "z1": -44.71908187866211, "uv": [[0.05049887299537659, 0.3324410617351532], [0.05049887299537659, 0.6506693363189697], [0.45153579115867615, 0.3404352068901062], [0.45153579115867615, 0.6431604027748108], [0.5970586538314819, 0.3602183759212494], [0.5970586538314819, 0.6247174739837646], [0.8970476984977722, 0.35496485233306885], [0.8970476984977722, 0.6295965313911438]]}