{"z0": 50.0, "z1": -37.22455596923828, "uv": [[0.19082100689411163, 0.4269857704639435], [0.19082100689411163, 0.5530643463134766], [0.2840607166290283, 0.42372840642929077], [0.2840607166290283, 0.5555476546287537], [0.6613215208053589, 0.3296046555042267], [0.6613215208053589, 0.6305536031723022], [0.8809379935264587, 0.3592873215675354], [0.8809379935264587, 0.6060705184936523]]}