{"z0": 50.0, "z1": -43.10858154296875, "uv": [[0.18333624303340912, 0.3919838070869446], [0.18333624303340912, 0.592197835445404], [0.28857821226119995, 0.38603758811950684], [0.28857821226119995, 0.5974801182746887], [0.6216449737548828, 0.23419444262981415], [0.6216449737548828, 0.740275502204895], [0.919813334941864, 0.2923346161842346], [0.919813334941864, 0.6834983825683594]]}