{"z0": 50.0, "z1": -40.064170837402344, "uv": [[0.04045389965176582, 0.387121319770813], [0.04045389965176582, 0.590012788772583], [0.35887107253074646, 0.2318023145198822], [0.35887107253074646, 0.7310572862625122], [0.6729137301445007, 0.2816723883152008], [0.6729137301445007, 0.682874858379364], [0.9371315240859985, 0.3917129337787628], [0.9371315240859985, 0.5861771106719971]]}