{"z0": 50.0, "z1": -48.49403381347656, "uv": [[0.2248208373785019, 0.39701223373413086], [0.2248208373785019, 0.5981597304344177], [0.2876712381839752, 0.39861351251602173], [0.2876712381839752, 0.5965976119041443], [0.720008909702301, 0.4200599193572998], [0.720008909702301, 0.5757008790969849], [0.7685141563415527, 0.4192885756492615], [0.7685141563415527, 0.5764517188072205]]}