{"z0": 50.0, "z1": -43.421112060546875, "uv": [[0.13663223385810852, 0.35697141289711], [0.13663223385810852, 0.6243748068809509], [0.29097074270248413, 0.3248501718044281], [0.29097074270248413, 0.6539238691329956], [0.6987022757530212, 0.2957473695278168], [0.6987022757530212, 0.6813016533851624], [0.879465639591217, 0.3425515294075012], [0.879465639591217, 0.6375598311424255]]}