{"z0": 50.0, "z1": -58.77996826171875, "uv": [[0.06414056569337845, 0.40422728657722473], [0.06414056569337845, 0.6092531681060791], [0.34008967876434326, 0.31453758478164673], [0.34008967876434326, 0.7077934741973877], [0.6214830279350281, 0.27019789814949036], [0.6214830279350281, 0.7535334229469299], [0.9583145976066589, 0.39958256483078003], [0.9583145976066589, 0.6145315170288086]]}