{"z0": 50.0, "z1": -40.29894256591797, "uv": [[0.16659261286258698, 0.23510344326496124], [0.16659261286258698, 0.7286874055862427], [0.40956705808639526, 0.3102533221244812], [0.40956705808639526, 0.657417356967926], [0.675215482711792, 0.3892664611339569], [0.675215482711792, 0.5887146592140198], [0.7783804535865784, 0.3791153132915497], [0.7783804535865784, 0.5972700119018555]]}