{"z0": 50.0, "z1": -38.83514404296875, "uv": [[0.21208982169628143, 0.392612487077713], [0.21208982169628143, 0.5828993916511536], [0.3393111228942871, 0.4057231843471527], [0.3393111228942871, 0.5723158717155457], [0.632055938243866, 0.383510023355484], [0.632055938243866, 0.590312659740448], [0.8022787570953369, 0.3552050292491913], [0.8022787570953369, 0.6137630939483643]]}