{"z0": 50.0, "z1": -40.18830108642578, "uv": [[0.21140030026435852, 0.3368513286113739], [0.21140030026435852, 0.6333687901496887], [0.3544454872608185, 0.3632219433784485], [0.3544454872608185, 0.6105231642723083], [0.6374748945236206, 0.3565044403076172], [0.6374748945236206, 0.6162883639335632], [0.7911075353622437, 0.3249894380569458], [0.7911075353622437, 0.6438448429107666]]}