{"z0": 50.0, "z1": -44.19386291503906, "uv": [[0.13539482653141022, 0.29237276315689087], [0.13539482653141022, 0.6871060132980347], [0.4382353127002716, 0.383943110704422], [0.4382353127002716, 0.6017007231712341], [0.5691829323768616, 0.38634631037712097], [0.5691829323768616, 0.5995180606842041], [0.8524173498153687, 0.30552107095718384], [0.8524173498153687, 0.674533486366272]]}