{"z0": 50.0, "z1": -47.89402389526367, "uv": [[0.09647996723651886, 0.4090339243412018], [0.09647996723651886, 0.5854097008705139], [0.32422706484794617, 0.3637113571166992], [0.32422706484794617, 0.6292625665664673], [0.5978633761405945, 0.2812408208847046], [0.5978633761405945, 0.7101280093193054], [0.9602779746055603, 0.39369770884513855], [0.9602779746055603, 0.6002115607261658]]}