{"z0": 50.0, "z1": -40.2769660949707, "uv": [[0.15168994665145874, 0.36763545870780945], [0.15168994665145874, 0.6069741249084473], [0.3809148073196411, 0.38805124163627625], [0.3809148073196411, 0.5896885991096497], [0.5450237393379211, 0.3580099046230316], [0.5450237393379211, 0.6152269840240479], [0.9320145845413208, 0.30630800127983093], [0.9320145845413208, 0.6609222292900085]]}