{"z0": 50.0, "z1": -41.75150680541992, "uv": [[0.10241734981536865, 0.3160460591316223], [0.10241734981536865, 0.6568628549575806], [0.3324015438556671, 0.26009827852249146], [0.3324015438556671, 0.7096537947654724], [0.7197468876838684, 0.3922743797302246], [0.7197468876838684, 0.589171290397644], [0.8150856494903564, 0.3989920914173126], [0.8150856494903564, 0.583383321762085]]}