{"z0": 50.0, "z1": -44.565277099609375, "uv": [[0.09492506086826324, 0.31347498297691345], [0.09492506086826324, 0.668144941329956], [0.3451906144618988, 0.2549072206020355], [0.3451906144618988, 0.7249173521995544], [0.7144108414649963, 0.3854562044143677], [0.7144108414649963, 0.6011205315589905], [0.820518434047699, 0.3933917284011841], [0.820518434047699, 0.593877911567688]]}