{"z0": 50.0, "z1": -44.91693878173828, "uv": [[0.13476307690143585, 0.3801920711994171], [0.13476307690143585, 0.6067197322845459], [0.27012258768081665, 0.347120076417923], [0.27012258768081665, 0.6374428868293762], [0.7319979071617126, 0.3671553134918213], [0.7319979071617126, 0.618773877620697], [0.8514784574508667, 0.39053454995155334], [0.8514784574508667, 0.5972042083740234]]}