{"z0": 50.0, "z1": -41.57073211669922, "uv": [[0.20871998369693756, 0.33925166726112366], [0.20871998369693756, 0.6352852582931519], [0.351825088262558, 0.36334019899368286], [0.351825088262558, 0.613934338092804], [0.614970326423645, 0.33489692211151123], [0.614970326423645, 0.6391920447349548], [0.8093258142471313, 0.2852950692176819], [0.8093258142471313, 0.6848615407943726]]}