{"z0": 50.0, "z1": -54.17621612548828, "uv": [[0.026933036744594574, 0.3971160054206848], [0.026933036744594574, 0.6088060736656189], [0.4243147075176239, 0.2692919969558716], [0.4243147075176239, 0.7414699792861938], [0.7029075622558594, 0.4105571508407593], [0.7029075622558594, 0.5944591760635376], [0.8648552298545837, 0.4291519522666931], [0.8648552298545837, 0.5745223164558411]]}