{"z0": 50.0, "z1": -45.14295196533203, "uv": [[0.17582175135612488, 0.3804047405719757], [0.17582175135612488, 0.607024073600769], [0.3164801299571991, 0.3782319128513336], [0.3164801299571991, 0.6090360283851624], [0.6353381872177124, 0.31738582253456116], [0.6353381872177124, 0.6662049293518066], [0.872351884841919, 0.3245725631713867], [0.872351884841919, 0.6593600511550903]]}