{"z0": 50.0, "z1": -41.05978012084961, "uv": [[0.2172931432723999, 0.3819752633571625], [0.2172931432723999, 0.5965520143508911], [0.3125632107257843, 0.3882383406162262], [0.3125632107257843, 0.5911946892738342], [0.5925893783569336, 0.28738513588905334], [0.5925893783569336, 0.6810939311981201], [0.8510210514068604, 0.22810490429401398], [0.8510210514068604, 0.7386572360992432]]}