{"z0": 50.0, "z1": -45.099609375, "uv": [[0.14752094447612762, 0.3919317424297333], [0.14752094447612762, 0.596291720867157], [0.323932021856308, 0.3808070719242096], [0.323932021856308, 0.6065561175346375], [0.6969472169876099, 0.4120601713657379], [0.6969472169876099, 0.5778250098228455], [0.8241132497787476, 0.41678404808044434], [0.8241132497787476, 0.5735085606575012]]}