{"z0": 50.0, "z1": -42.49488067626953, "uv": [[0.1639658510684967, 0.37229886651039124], [0.1639658510684967, 0.6082969307899475], [0.3029195964336395, 0.36118245124816895], [0.3029195964336395, 0.6181928515434265], [0.6374143958091736, 0.26417940855026245], [0.6374143958091736, 0.7084078192710876], [0.9035331606864929, 0.3096872866153717], [0.9035331606864929, 0.6651290059089661]]}