{"z0": 50.0, "z1": -48.792335510253906, "uv": [[0.18437905609607697, 0.3772054612636566], [0.18437905609607697, 0.6181691288948059], [0.39898988604545593, 0.41833212971687317], [0.39898988604545593, 0.5778453946113586], [0.538976788520813, 0.402995228767395], [0.538976788520813, 0.5928658246994019], [0.8923264145851135, 0.28604546189308167], [0.8923264145851135, 0.7082259058952332]]}