{"z0": 50.0, "z1": -41.0726318359375, "uv": [[0.19262491166591644, 0.34420526027679443], [0.19262491166591644, 0.6294515132904053], [0.3909643292427063, 0.3902186155319214], [0.3909643292427063, 0.5895324349403381], [0.5874863862991333, 0.38064178824424744], [0.5874863862991333, 0.5977246761322021], [0.8222285509109497, 0.31184667348861694], [0.8222285509109497, 0.6585137844085693]]}