{"z0": 50.0, "z1": -44.31956481933594, "uv": [[0.17423205077648163, 0.29012495279312134], [0.17423205077648163, 0.6896880269050598], [0.4294423758983612, 0.3865853548049927], [0.4294423758983612, 0.599567711353302], [0.549457311630249, 0.38130536675453186], [0.549457311630249, 0.6043767929077148], [0.851195216178894, 0.24773827195167542], [0.851195216178894, 0.7311527132987976]]}