{"z0": 50.0, "z1": -45.66960906982422, "uv": [[0.05365705117583275, 0.3356507122516632], [0.05365705117583275, 0.650358259677887], [0.4478145241737366, 0.34164565801620483], [0.4478145241737366, 0.6446624994277954], [0.5954274535179138, 0.3595323860645294], [0.5954274535179138, 0.6277581453323364], [0.899858295917511, 0.3554171919822693], [0.899858295917511, 0.631635844707489]]}