{"z0": 50.0, "z1": -40.4722900390625, "uv": [[0.2232779860496521, 0.36547791957855225], [0.2232779860496521, 0.6093087792396545], [0.38458478450775146, 0.4065827429294586], [0.38458478450775146, 0.5745747685432434], [0.5513132214546204, 0.3841676115989685], [0.5513132214546204, 0.5933847427368164], [0.8146992921829224, 0.2364216297864914], [0.8146992921829224, 0.7280531525611877]]}