{"z0": 50.0, "z1": -48.44184875488281, "uv": [[0.2318226397037506, 0.4263271987438202], [0.2318226397037506, 0.5695287585258484], [0.2762291431427002, 0.4268844723701477], [0.2762291431427002, 0.5689871311187744], [0.7070986032485962, 0.3880596160888672], [0.7070986032485962, 0.6067911982536316], [0.7778216004371643, 0.3859967589378357], [0.7778216004371643, 0.60880446434021]]}