{"z0": 50.0, "z1": -44.119964599609375, "uv": [[0.14999856054782867, 0.2475396692752838], [0.14999856054782867, 0.7306362986564636], [0.45452064275741577, 0.39263853430747986], [0.45452064275741577, 0.5936651229858398], [0.6260594725608826, 0.4200896918773651], [0.6260594725608826, 0.5689892172813416], [0.7817907333374023, 0.3926050364971161], [0.7817907333374023, 0.5936954021453857]]}