{"z0": 50.0, "z1": -44.83622741699219, "uv": [[0.09927375614643097, 0.4277079105377197], [0.09927375614643097, 0.563182532787323], [0.27331194281578064, 0.3822803199291229], [0.27331194281578064, 0.6046187877655029], [0.6861242651939392, 0.24902762472629547], [0.6861242651939392, 0.731704592704773], [0.959125816822052, 0.4143853187561035], [0.959125816822052, 0.5752688050270081]]}