{"z0": 50.0, "z1": -40.15435028076172, "uv": [[0.07492959499359131, 0.38667672872543335], [0.07492959499359131, 0.5905793905258179], [0.322627991437912, 0.2996467351913452], [0.322627991437912, 0.666578471660614], [0.6133363246917725, 0.21606145799160004], [0.6133363246917725, 0.7473222017288208], [0.9649918079376221, 0.3767291009426117], [0.9649918079376221, 0.5989543795585632]]}