{"z0": 50.0, "z1": -39.787662506103516, "uv": [[0.1454106718301773, 0.3827289044857025], [0.1454106718301773, 0.5930786728858948], [0.2904324233531952, 0.3601723313331604], [0.2904324233531952, 0.6120921969413757], [0.7102248668670654, 0.36497101187705994], [0.7102248668670654, 0.608015239238739], [0.8503637909889221, 0.38558879494667053], [0.8503637909889221, 0.5906938314437866]]}