{"z0": 50.0, "z1": -42.07118225097656, "uv": [[0.17397098243236542, 0.3878538906574249], [0.17397098243236542, 0.5936708450317383], [0.2927989065647125, 0.37944766879081726], [0.2927989065647125, 0.601013720035553], [0.6473582983016968, 0.2695094048976898], [0.6473582983016968, 0.701713502407074], [0.8995455503463745, 0.31672951579093933], [0.8995455503463745, 0.6572518348693848]]}