{"z0": 50.0, "z1": -44.53870391845703, "uv": [[0.19334599375724792, 0.4023829996585846], [0.19334599375724792, 0.5856505632400513], [0.34508466720581055, 0.41346487402915955], [0.34508466720581055, 0.5756136775016785], [0.5232244729995728, 0.3560350239276886], [0.5232244729995728, 0.6281344294548035], [0.956191897392273, 0.2705577611923218], [0.956191897392273, 0.7094293832778931]]}