{"z0": 50.0, "z1": -56.95330047607422, "uv": [[0.1981271356344223, 0.38462069630622864], [0.1981271356344223, 0.6277444362640381], [0.3862711191177368, 0.41844087839126587], [0.3862711191177368, 0.5902428030967712], [0.5784469246864319, 0.4061250686645508], [0.5784469246864319, 0.6039750576019287], [0.8274624943733215, 0.3372358977794647], [0.8274624943733215, 0.6790105700492859]]}