{"z0": 50.0, "z1": -41.90877914428711, "uv": [[0.20942163467407227, 0.36727049946784973], [0.20942163467407227, 0.6113229990005493], [0.3341231048107147, 0.380381315946579], [0.3341231048107147, 0.5998313426971436], [0.6132814288139343, 0.33113330602645874], [0.6132814288139343, 0.6435947418212891], [0.823833703994751, 0.28551623225212097], [0.823833703994751, 0.6858395934104919]]}