{"z0": 50.0, "z1": -40.950130462646484, "uv": [[0.19290736317634583, 0.31198105216026306], [0.19290736317634583, 0.6579910516738892], [0.42044520378112793, 0.39508306980133057], [0.42044520378112793, 0.585146427154541], [0.5818378925323486, 0.39617836475372314], [0.5818378925323486, 0.5842182636260986], [0.8036549091339111, 0.31819137930870056], [0.8036549091339111, 0.652350664138794]]}