{"z0": 50.0, "z1": -42.22410583496094, "uv": [[0.10274932533502579, 0.3545900285243988], [0.10274932533502579, 0.6233794093132019], [0.39754462242126465, 0.3559172451496124], [0.39754462242126465, 0.6221938133239746], [0.5520393252372742, 0.3342573344707489], [0.5520393252372742, 0.6416963934898376], [0.9461678266525269, 0.33221739530563354], [0.9461678266525269, 0.6435508131980896]]}