{"z0": 50.0, "z1": -40.85053253173828, "uv": [[0.05295024812221527, 0.3771316707134247], [0.05295024812221527, 0.6002276539802551], [0.41062092781066895, 0.3160356283187866], [0.41062092781066895, 0.6539837121963501], [0.6288779973983765, 0.3450935184955597], [0.6288779973983765, 0.6280397772789001], [0.9146788716316223, 0.3869331479072571], [0.9146788716316223, 0.5918603539466858]]}