{"z0": 50.0, "z1": -41.53116226196289, "uv": [[0.18540893495082855, 0.26430824398994446], [0.18540893495082855, 0.7047611474990845], [0.3973183333873749, 0.32905298471450806], [0.3973183333873749, 0.6443390846252441], [0.662032961845398, 0.38185182213783264], [0.662032961845398, 0.5977086424827576], [0.7801912426948547, 0.3660358488559723], [0.7801912426948547, 0.6114722490310669]]}