{"z0": 50.0, "z1": -42.0587158203125, "uv": [[0.16121289134025574, 0.36644595861434937], [0.16121289134025574, 0.612420380115509], [0.301455020904541, 0.3532331883907318], [0.301455020904541, 0.6241500377655029], [0.6438351273536682, 0.25758758187294006], [0.6438351273536682, 0.7132338285446167], [0.9025291800498962, 0.3070600628852844], [0.9025291800498962, 0.6661499738693237]]}