{"z0": 50.0, "z1": -40.14262390136719, "uv": [[0.18667122721672058, 0.3806445896625519], [0.18667122721672058, 0.5956235527992249], [0.30631524324417114, 0.37902238965034485], [0.30631524324417114, 0.5969909429550171], [0.6232647895812988, 0.28278082609176636], [0.6232647895812988, 0.6821238994598389], [0.8845787048339844, 0.29198119044303894], [0.8845787048339844, 0.6735814809799194]]}