{"z0": 50.0, "z1": -45.461204528808594, "uv": [[0.09871936589479446, 0.26496466994285583], [0.09871936589479446, 0.7181060314178467], [0.4104090631008148, 0.2798531949520111], [0.4104090631008148, 0.7034875154495239], [0.6801292300224304, 0.3751472234725952], [0.6801292300224304, 0.6126254200935364], [0.8109034895896912, 0.372683584690094], [0.8109034895896912, 0.6149238348007202]]}