{"z0": 50.0, "z1": -45.035858154296875, "uv": [[0.22939960658550262, 0.42519718408584595], [0.22939960658550262, 0.5657439827919006], [0.2720631957054138, 0.42534419894218445], [0.2720631957054138, 0.5656101703643799], [0.2687467932701111, 0.43581804633140564], [0.2687467932701111, 0.5560943484306335], [0.2323637157678604, 0.4357253313064575], [0.2323637157678604, 0.5561784505844116]]}