{"z0": 50.0, "z1": -42.7164192199707, "uv": [[0.12681907415390015, 0.2590728998184204], [0.12681907415390015, 0.7141914367675781], [0.4016248285770416, 0.2931422293186188], [0.4016248285770416, 0.6814025640487671], [0.6803042888641357, 0.38079598546028137], [0.6803042888641357, 0.6012759208679199], [0.7986239194869995, 0.37539270520210266], [0.7986239194869995, 0.6060702204704285]]}