{"z0": 50.0, "z1": -39.97692108154297, "uv": [[0.20550519227981567, 0.33788183331489563], [0.20550519227981567, 0.631841778755188], [0.3549448251724243, 0.36325591802597046], [0.3549448251724243, 0.6099542379379272], [0.6086117625236511, 0.33365264534950256], [0.6086117625236511, 0.6355448365211487], [0.8161265850067139, 0.2793658673763275], [0.8161265850067139, 0.6847141981124878]]}