{"z0": 50.0, "z1": -42.13119888305664, "uv": [[0.0751883015036583, 0.38946062326431274], [0.0751883015036583, 0.5923972725868225], [0.3352071940898895, 0.3106232285499573], [0.3352071940898895, 0.6630820631980896], [0.5913800001144409, 0.2340804487466812], [0.5913800001144409, 0.7367478013038635], [0.968052327632904, 0.37918317317962646], [0.968052327632904, 0.6013814210891724]]}