{"z0": 50.0, "z1": -42.2061767578125, "uv": [[0.1412632018327713, 0.3654450476169586], [0.1412632018327713, 0.6136718988418579], [0.30068859457969666, 0.3403278589248657], [0.30068859457969666, 0.6361451745033264], [0.6962903141975403, 0.3352293074131012], [0.6962903141975403, 0.6407613754272461], [0.8610523343086243, 0.3624546527862549], [0.8610523343086243, 0.6163254976272583]]}