{"z0": 50.0, "z1": -48.31925964355469, "uv": [[0.20530790090560913, 0.3822935223579407], [0.20530790090560913, 0.6121565699577332], [0.3238257169723511, 0.38997623324394226], [0.3238257169723511, 0.6046724319458008], [0.6094553470611572, 0.3245225250720978], [0.6094553470611572, 0.6687216758728027], [0.84500652551651, 0.286001980304718], [0.84500652551651, 0.7067709565162659]]}