{"z0": 50.0, "z1": -40.18695068359375, "uv": [[0.12255869060754776, 0.2779771089553833], [0.12255869060754776, 0.6867861151695251], [0.38591527938842773, 0.28802722692489624], [0.38591527938842773, 0.6773987412452698], [0.6235479712486267, 0.2973293960094452], [0.6235479712486267, 0.6688141822814941], [0.8660021424293518, 0.28863370418548584], [0.8660021424293518, 0.6768360733985901]]}