{"z0": 50.0, "z1": -45.490577697753906, "uv": [[0.09861937165260315, 0.41200119256973267], [0.09861937165260315, 0.5785345435142517], [0.31907379627227783, 0.36826151609420776], [0.31907379627227783, 0.619125485420227], [0.5914031267166138, 0.2725278437137604], [0.5914031267166138, 0.7107640504837036], [0.9652706980705261, 0.3954874277114868], [0.9652706980705261, 0.5937879085540771]]}