{"z0": 50.0, "z1": -56.74549102783203, "uv": [[0.10983703285455704, 0.4094987213611603], [0.10983703285455704, 0.5998764634132385], [0.319336473941803, 0.3753582835197449], [0.319336473941803, 0.6374468803405762], [0.6790605783462524, 0.3744243085384369], [0.6790605783462524, 0.6384645700454712], [0.8899836540222168, 0.4091466963291168], [0.8899836540222168, 0.600267231464386]]}