{"z0": 50.0, "z1": -38.027740478515625, "uv": [[0.0287008099257946, 0.41703784465789795], [0.0287008099257946, 0.5619612336158752], [0.4138195514678955, 0.2961048483848572], [0.4138195514678955, 0.662315845489502], [0.6559534668922424, 0.3569807708263397], [0.6559534668922424, 0.6101062297821045], [0.930109977722168, 0.4231933355331421], [0.930109977722168, 0.5571576356887817]]}