{"z0": 50.0, "z1": -43.251644134521484, "uv": [[0.09039128571748734, 0.30460432171821594], [0.09039128571748734, 0.6723517775535583], [0.3460584878921509, 0.23912818729877472], [0.3460584878921509, 0.7358645796775818], [0.7160747051239014, 0.380852609872818], [0.7160747051239014, 0.6024186611175537], [0.8205253481864929, 0.38928958773612976], [0.8205253481864929, 0.5948875546455383]]}