{"z0": 50.0, "z1": -41.47147750854492, "uv": [[0.18682298064231873, 0.35662809014320374], [0.18682298064231873, 0.6195796728134155], [0.336181640625, 0.36590489745140076], [0.336181640625, 0.6114382147789001], [0.6125692129135132, 0.3154720366001129], [0.6125692129135132, 0.6564927101135254], [0.8566838502883911, 0.28823626041412354], [0.8566838502883911, 0.6817415356636047]]}