{"z0": 50.0, "z1": -44.041770935058594, "uv": [[0.014781718142330647, 0.39406830072402954], [0.014781718142330647, 0.592216968536377], [0.4612421691417694, 0.27464112639427185], [0.4612421691417694, 0.7037243843078613], [0.6502899527549744, 0.3485531508922577], [0.6502899527549744, 0.6337407231330872], [0.9199935793876648, 0.4057319164276123], [0.9199935793876648, 0.5817221999168396]]}