{"z0": 50.0, "z1": -45.7943115234375, "uv": [[0.0995846763253212, 0.26654061675071716], [0.0995846763253212, 0.7176913022994995], [0.4114898443222046, 0.28427496552467346], [0.4114898443222046, 0.700276792049408], [0.6784631013870239, 0.3763103187084198], [0.6784631013870239, 0.6122978925704956], [0.8109323978424072, 0.37331533432006836], [0.8109323978424072, 0.615106463432312]]}