{"z0": 50.0, "z1": -41.39057540893555, "uv": [[0.18703852593898773, 0.35638925433158875], [0.18703852593898773, 0.6195763945579529], [0.3377738893032074, 0.36646711826324463], [0.3377738893032074, 0.610745906829834], [0.6089426279067993, 0.315755158662796], [0.6089426279067993, 0.6559746265411377], [0.8582373261451721, 0.28556039929389954], [0.8582373261451721, 0.6839761734008789]]}