{"z0": 50.0, "z1": -42.49366760253906, "uv": [[0.16310837864875793, 0.23748283088207245], [0.16310837864875793, 0.7347041368484497], [0.4068567454814911, 0.3066606819629669], [0.4068567454814911, 0.6679468154907227], [0.6784125566482544, 0.38983574509620667], [0.6784125566482544, 0.5928255915641785], [0.7794346809387207, 0.38092729449272156], [0.7794346809387207, 0.6006625890731812]]}