{"z0": 50.0, "z1": -38.8641471862793, "uv": [[0.18965943157672882, 0.3133678734302521], [0.18965943157672882, 0.6498684883117676], [0.41644567251205444, 0.3908170461654663], [0.41644567251205444, 0.5844178795814514], [0.5855607986450195, 0.3919144868850708], [0.5855607986450195, 0.5835260152816772], [0.8070674538612366, 0.3187899887561798], [0.8070674538612366, 0.6450956463813782]]}