{"z0": 50.0, "z1": -44.18134307861328, "uv": [[0.15266981720924377, 0.3709772229194641], [0.15266981720924377, 0.6134907007217407], [0.28138479590415955, 0.3493651747703552], [0.28138479590415955, 0.6333667635917664], [0.7076466679573059, 0.3123911917209625], [0.7076466679573059, 0.667970597743988], [0.8682450652122498, 0.3501202464103699], [0.8682450652122498, 0.6326683163642883]]}