{"z0": 50.0, "z1": -43.2210693359375, "uv": [[0.047780703753232956, 0.3652570843696594], [0.047780703753232956, 0.6163584589958191], [0.40331223607063293, 0.27471786737442017], [0.40331223607063293, 0.7007846236228943], [0.6492332220077515, 0.3249305486679077], [0.6492332220077515, 0.6532424688339233], [0.9110280275344849, 0.3785330355167389], [0.9110280275344849, 0.6044260263442993]]}