{"z0": 50.0, "z1": -46.90277099609375, "uv": [[0.09439501166343689, 0.4027155935764313], [0.09439501166343689, 0.5896925926208496], [0.3258874714374542, 0.3531915545463562], [0.3258874714374542, 0.6369395852088928], [0.6705448031425476, 0.34928274154663086], [0.6705448031425476, 0.6406967043876648], [0.9075139760971069, 0.40161794424057007], [0.9075139760971069, 0.5907334685325623]]}