{"z0": 50.0, "z1": -43.309326171875, "uv": [[0.04965757951140404, 0.3850511312484741], [0.04965757951140404, 0.5987910032272339], [0.40892842411994934, 0.31539398431777954], [0.40892842411994934, 0.6624010801315308], [0.629745364189148, 0.3443916141986847], [0.629745364189148, 0.6355596780776978], [0.9202032685279846, 0.3930782675743103], [0.9202032685279846, 0.5916329622268677]]}