{"z0": 50.0, "z1": -40.884002685546875, "uv": [[0.13703124225139618, 0.3960462212562561], [0.13703124225139618, 0.5841989517211914], [0.29201778769493103, 0.37103357911109924], [0.29201778769493103, 0.6055455803871155], [0.6776068806648254, 0.3038775622844696], [0.6776068806648254, 0.6651846766471863], [0.9066284894943237, 0.36952143907546997], [0.9066284894943237, 0.6068488955497742]]}