{"z0": 50.0, "z1": -43.05046081542969, "uv": [[0.1008201315999031, 0.24007028341293335], [0.1008201315999031, 0.7341853380203247], [0.4596986174583435, 0.3669283986091614], [0.4596986174583435, 0.6144329309463501], [0.6419973969459534, 0.41084015369415283], [0.6419973969459534, 0.5754506587982178], [0.7925159931182861, 0.3915296494960785], [0.7925159931182861, 0.5924816727638245]]}