{"z0": 50.0, "z1": -42.115966796875, "uv": [[0.13500843942165375, 0.3588409125804901], [0.13500843942165375, 0.6193060874938965], [0.29175737500190735, 0.3259289264678955], [0.29175737500190735, 0.6489571928977966], [0.6970995664596558, 0.29514408111572266], [0.6970995664596558, 0.6774726510047913], [0.8821837902069092, 0.34402361512184143], [0.8821837902069092, 0.6325575113296509]]}