{"z0": 50.0, "z1": -38.33842086791992, "uv": [[0.07621265947818756, 0.3830743730068207], [0.07621265947818756, 0.5895592570304871], [0.3207909166812897, 0.29592904448509216], [0.3207909166812897, 0.6635835766792297], [0.6148806810379028, 0.20990996062755585], [0.6148806810379028, 0.746269941329956], [0.9646554589271545, 0.37245190143585205], [0.9646554589271545, 0.5981965661048889]]}