{"z0": 50.0, "z1": -43.1014404296875, "uv": [[0.23030465841293335, 0.38045817613601685], [0.23030465841293335, 0.6024361252784729], [0.34973207116127014, 0.40099167823791504], [0.34973207116127014, 0.5842128992080688], [0.5899611711502075, 0.3630392849445343], [0.5899611711502075, 0.618060827255249], [0.7900882959365845, 0.28068649768829346], [0.7900882959365845, 0.6946122050285339]]}