{"z0": 50.0, "z1": -42.90922546386719, "uv": [[0.1992901861667633, 0.27885547280311584], [0.1992901861667633, 0.6957011222839355], [0.3948987126350403, 0.3433278203010559], [0.3948987126350403, 0.6354146003723145], [0.6464412212371826, 0.3763633966445923], [0.6464412212371826, 0.6056520938873291], [0.7794858813285828, 0.3515384793281555], [0.7794858813285828, 0.6279551386833191]]}