{"z0": 50.0, "z1": -42.417327880859375, "uv": [[0.03711409866809845, 0.39785757660865784], [0.03711409866809845, 0.5856543183326721], [0.3705063462257385, 0.24610713124275208], [0.3705063462257385, 0.7258466482162476], [0.6832512021064758, 0.32753655314445496], [0.6832512021064758, 0.6484034061431885], [0.9234759211540222, 0.4061075448989868], [0.9234759211540222, 0.5784740447998047]]}