{"z0": 50.0, "z1": -48.12147521972656, "uv": [[0.061618391424417496, 0.41274961829185486], [0.061618391424417496, 0.5822041034698486], [0.30871930718421936, 0.308823823928833], [0.30871930718421936, 0.6835943460464478], [0.7129104137420654, 0.37062904238700867], [0.7129104137420654, 0.6230756044387817], [0.9038693308830261, 0.42169666290283203], [0.9038693308830261, 0.5735519528388977]]}