{"z0": 50.0, "z1": -41.74755096435547, "uv": [[0.16197149455547333, 0.24485734105110168], [0.16197149455547333, 0.7245779633522034], [0.4153425693511963, 0.32524606585502625], [0.4153425693511963, 0.6484498381614685], [0.6538596153259277, 0.37848231196403503], [0.6538596153259277, 0.6011217832565308], [0.7878502011299133, 0.35956114530563354], [0.7878502011299133, 0.6177138686180115]]}