{"z0": 50.0, "z1": -40.21052551269531, "uv": [[0.18124759197235107, 0.26139843463897705], [0.18124759197235107, 0.7026284337043762], [0.39926204085350037, 0.32718420028686523], [0.39926204085350037, 0.6419652700424194], [0.6614341735839844, 0.3807300925254822], [0.6614341735839844, 0.5957049131393433], [0.7818371057510376, 0.36476871371269226], [0.7818371057510376, 0.6092568039894104]]}