{"z0": 50.0, "z1": -41.459022521972656, "uv": [[0.06470375508069992, 0.2722527086734772], [0.06470375508069992, 0.6968586444854736], [0.41467612981796265, 0.23357577621936798], [0.41467612981796265, 0.7347022891044617], [0.7060965299606323, 0.39334797859191895], [0.7060965299606323, 0.5876516103744507], [0.8073320984840393, 0.3962385058403015], [0.8073320984840393, 0.5851747989654541]]}