{"z0": 50.0, "z1": -41.17383575439453, "uv": [[0.1055535152554512, 0.3472081422805786], [0.1055535152554512, 0.6270816922187805], [0.40126025676727295, 0.35555222630500793], [0.40126025676727295, 0.6197372674942017], [0.5440926551818848, 0.33402910828590393], [0.5440926551818848, 0.6387937664985657], [0.950422465801239, 0.32092005014419556], [0.950422465801239, 0.6505892872810364]]}