{"z0": 50.0, "z1": -41.36788558959961, "uv": [[0.198396235704422, 0.3373967707157135], [0.198396235704422, 0.6363551020622253], [0.3510299026966095, 0.3588815927505493], [0.3510299026966095, 0.6173268556594849], [0.6378808617591858, 0.3487732410430908], [0.6378808617591858, 0.6262356042861938], [0.8071864247322083, 0.32124650478363037], [0.8071864247322083, 0.6509034037590027]]}