{"z0": 50.0, "z1": -60.694488525390625, "uv": [[0.20024456083774567, 0.3880399763584137], [0.20024456083774567, 0.6313031911849976], [0.38374072313308716, 0.41991350054740906], [0.38374072313308716, 0.5941450595855713], [0.5779930949211121, 0.40645551681518555], [0.5779930949211121, 0.60994952917099], [0.8270589113235474, 0.33684834837913513], [0.8270589113235474, 0.6887151002883911]]}