{"z0": 50.0, "z1": -45.923004150390625, "uv": [[0.17191436886787415, 0.36776483058929443], [0.17191436886787415, 0.6206284165382385], [0.40205714106559753, 0.4107690453529358], [0.40205714106559753, 0.5804038047790527], [0.5347918272018433, 0.3949105441570282], [0.5347918272018433, 0.595174252986908], [0.9129030108451843, 0.28446316719055176], [0.9129030108451843, 0.7005187273025513]]}