{"z0": 50.0, "z1": -40.3605842590332, "uv": [[0.049456845968961716, 0.35581111907958984], [0.049456845968961716, 0.6173455119132996], [0.4246927797794342, 0.3027743399143219], [0.4246927797794342, 0.6644250154495239], [0.6189379692077637, 0.3313843011856079], [0.6189379692077637, 0.6387036442756653], [0.9140293598175049, 0.3680822551250458], [0.9140293598175049, 0.6067993640899658]]}