{"z0": 50.0, "z1": -46.64703369140625, "uv": [[0.23225174844264984, 0.4273289442062378], [0.23225174844264984, 0.5660558342933655], [0.2761341631412506, 0.4278925955295563], [0.2761341631412506, 0.5655266046524048], [0.7060559391975403, 0.3867594003677368], [0.7060559391975403, 0.6043133735656738], [0.7779431939125061, 0.3845011293888092], [0.7779431939125061, 0.6064539551734924]]}