{"z0": 50.0, "z1": -40.54829025268555, "uv": [[0.04784095287322998, 0.35478100180625916], [0.04784095287322998, 0.6187397837638855], [0.42622604966163635, 0.29962673783302307], [0.42622604966163635, 0.6679500937461853], [0.6204696297645569, 0.3304152488708496], [0.6204696297645569, 0.640133261680603], [0.9134521484375, 0.3677510917186737], [0.9134521484375, 0.6075470447540283]]}