{"z0": 50.0, "z1": -43.977664947509766, "uv": [[0.13545851409435272, 0.3415253162384033], [0.13545851409435272, 0.640066921710968], [0.42828407883644104, 0.4034363031387329], [0.42828407883644104, 0.5836660861968994], [0.6014532446861267, 0.41348013281822205], [0.6014532446861267, 0.5746714472770691], [0.8308804631233215, 0.37737926840782166], [0.8308804631233215, 0.6071834564208984]]}