{"z0": 50.0, "z1": -37.632080078125, "uv": [[0.0872277170419693, 0.3732720911502838], [0.0872277170419693, 0.5958224534988403], [0.37066563963890076, 0.3325590193271637], [0.37066563963890076, 0.6293348073959351], [0.598911702632904, 0.30937790870666504], [0.598911702632904, 0.6492116451263428], [0.9359378814697266, 0.36418044567108154], [0.9359378814697266, 0.6031699776649475]]}