{"z0": 50.0, "z1": -48.327178955078125, "uv": [[0.06859663128852844, 0.33034011721611023], [0.06859663128852844, 0.6630222797393799], [0.4487689137458801, 0.36798420548439026], [0.4487689137458801, 0.6261365413665771], [0.6399983763694763, 0.4085918366909027], [0.6399983763694763, 0.5865822434425354], [0.8338046073913574, 0.39864876866340637], [0.8338046073913574, 0.5962481498718262]]}