{"z0": 50.0, "z1": -43.67866516113281, "uv": [[0.23005741834640503, 0.3805240988731384], [0.23005741834640503, 0.6036643981933594], [0.3499555289745331, 0.4011245667934418], [0.3499555289745331, 0.585180401802063], [0.5905327200889587, 0.36371883749961853], [0.5905327200889587, 0.6188892126083374], [0.7901685833930969, 0.28246381878852844], [0.7901685833930969, 0.694896936416626]]}