{"z0": 50.0, "z1": -41.23484802246094, "uv": [[0.056711625307798386, 0.3796581029891968], [0.056711625307798386, 0.5989371538162231], [0.3178468644618988, 0.24624936282634735], [0.3178468644618988, 0.7212640643119812], [0.6837577819824219, 0.25201037526130676], [0.6837577819824219, 0.7156091332435608], [0.9399968385696411, 0.3802628815174103], [0.9399968385696411, 0.5984161496162415]]}