{"z0": 50.0, "z1": -43.84864807128906, "uv": [[0.10810992866754532, 0.3109089136123657], [0.10810992866754532, 0.6683217287063599], [0.3625780940055847, 0.2829677164554596], [0.3625780940055847, 0.6949938535690308], [0.6851173639297485, 0.35479602217674255], [0.6851173639297485, 0.6274785399436951], [0.8369925618171692, 0.36399176716804504], [0.8369925618171692, 0.6190634965896606]]}