{"z0": 50.0, "z1": -48.504661560058594, "uv": [[0.04002959281206131, 0.387112021446228], [0.04002959281206131, 0.6078461408615112], [0.41819024085998535, 0.3020158112049103], [0.41819024085998535, 0.6914872527122498], [0.686160683631897, 0.4014483392238617], [0.686160683631897, 0.5938524007797241], [0.8666583895683289, 0.41970548033714294], [0.8666583895683289, 0.5760621428489685]]}