{"z0": 50.0, "z1": -49.28307342529297, "uv": [[0.20986640453338623, 0.38152050971984863], [0.20986640453338623, 0.6149876117706299], [0.28366973996162415, 0.38064584136009216], [0.28366973996162415, 0.6158530116081238], [0.7250107526779175, 0.4118804633617401], [0.7250107526779175, 0.5849772095680237], [0.7780235409736633, 0.41223081946372986], [0.7780235409736633, 0.584631085395813]]}