{"z0": 50.0, "z1": -46.23290252685547, "uv": [[0.16052484512329102, 0.376177042722702], [0.16052484512329102, 0.6134181022644043], [0.28638991713523865, 0.36008796095848083], [0.28638991713523865, 0.6286482214927673], [0.6904407143592834, 0.29690757393836975], [0.6904407143592834, 0.689380407333374], [0.877026379108429, 0.3389337360858917], [0.877026379108429, 0.6488083004951477]]}