{"z0": 50.0, "z1": -43.02679443359375, "uv": [[0.21156729757785797, 0.3665119409561157], [0.21156729757785797, 0.6147491335868835], [0.33097630739212036, 0.3788129389286041], [0.33097630739212036, 0.6037362217903137], [0.6190580129623413, 0.3288864493370056], [0.6190580129623413, 0.6489966511726379], [0.8185639977455139, 0.28677746653556824], [0.8185639977455139, 0.6885176301002502]]}