{"z0": 50.0, "z1": -48.530181884765625, "uv": [[0.21958021819591522, 0.34760749340057373], [0.21958021819591522, 0.6466065645217896], [0.41328951716423035, 0.4149647057056427], [0.41328951716423035, 0.5807197690010071], [0.590553343296051, 0.41646477580070496], [0.590553343296051, 0.5792580842971802], [0.7775309085845947, 0.35590630769729614], [0.7775309085845947, 0.6384576559066772]]}