{"z0": 50.0, "z1": -46.25401306152344, "uv": [[0.15839698910713196, 0.37919187545776367], [0.15839698910713196, 0.6106202006340027], [0.2925393581390381, 0.36357319355010986], [0.2925393581390381, 0.6253936886787415], [0.6773537993431091, 0.2955585718154907], [0.6773537993431091, 0.6907630562782288], [0.8844279646873474, 0.33966654539108276], [0.8844279646873474, 0.6481657028198242]]}