{"z0": 50.0, "z1": -59.97638702392578, "uv": [[0.028250787407159805, 0.3949753940105438], [0.028250787407159805, 0.621972918510437], [0.42535653710365295, 0.2751256823539734], [0.42535653710365295, 0.7517579793930054], [0.7006933689117432, 0.41016578674316406], [0.7006933689117432, 0.6044378280639648], [0.8636842966079712, 0.42810168862342834], [0.8636842966079712, 0.5834921002388]]}