{"z0": 50.0, "z1": -32.788177490234375, "uv": [[0.18608886003494263, 0.42296290397644043], [0.18608886003494263, 0.5494466423988342], [0.2872631251811981, 0.4189760684967041], [0.2872631251811981, 0.5521519184112549], [0.6584494113922119, 0.32888367772102356], [0.6584494113922119, 0.6168929934501648], [0.8836241364479065, 0.35953769087791443], [0.8836241364479065, 0.5939204096794128]]}