{"z0": 50.0, "z1": -43.81941223144531, "uv": [[0.19720754027366638, 0.3761097490787506], [0.19720754027366638, 0.6079734563827515], [0.31141403317451477, 0.37860190868377686], [0.31141403317451477, 0.6057165265083313], [0.5956608653068542, 0.2724606394767761], [0.5956608653068542, 0.7050707340240479], [0.8893016576766968, 0.25394999980926514], [0.8893016576766968, 0.7232101559638977]]}