{"z0": 50.0, "z1": -43.70191955566406, "uv": [[0.16042764484882355, 0.36842483282089233], [0.16042764484882355, 0.6146677136421204], [0.3023732006549835, 0.35521766543388367], [0.3023732006549835, 0.6267077326774597], [0.6411845088005066, 0.25945544242858887], [0.6411845088005066, 0.7173675894737244], [0.9044858813285828, 0.3094836473464966], [0.9044858813285828, 0.6692007184028625]]}