{"z0": 50.0, "z1": -46.367286682128906, "uv": [[0.17389260232448578, 0.29122599959373474], [0.17389260232448578, 0.6953593492507935], [0.4284687638282776, 0.3858793377876282], [0.4284687638282776, 0.6045567393302917], [0.5504636168479919, 0.3804827928543091], [0.5504636168479919, 0.6096516251564026], [0.8511716723442078, 0.24957144260406494], [0.8511716723442078, 0.7364835739135742]]}