{"z0": 50.0, "z1": -48.644317626953125, "uv": [[0.09369365870952606, 0.40886738896369934], [0.09369365870952606, 0.5868588089942932], [0.3258034586906433, 0.36100929975509644], [0.3258034586906433, 0.633731484413147], [0.5964805483818054, 0.27979591488838196], [0.5964805483818054, 0.7139694690704346], [0.9614530205726624, 0.39449813961982727], [0.9614530205726624, 0.6009066700935364]]}