{"z0": 50.0, "z1": -42.788761138916016, "uv": [[0.19188959896564484, 0.40474405884742737], [0.19188959896564484, 0.5803345441818237], [0.3527851402759552, 0.4180566370487213], [0.3527851402759552, 0.5687116980552673], [0.5180423259735107, 0.37047597765922546], [0.5180423259735107, 0.610620379447937], [0.9628951549530029, 0.2768433690071106], [0.9628951549530029, 0.6972128748893738]]}