{"z0": 50.0, "z1": -41.059486389160156, "uv": [[0.15123751759529114, 0.37259745597839355], [0.15123751759529114, 0.6046183705329895], [0.38141798973083496, 0.3925195038318634], [0.38141798973083496, 0.5875452756881714], [0.5445745587348938, 0.3636646866798401], [0.5445745587348938, 0.6123566031455994], [0.9326187968254089, 0.3130093514919281], [0.9326187968254089, 0.6574103832244873]]}