{"z0": 50.0, "z1": -43.35279083251953, "uv": [[0.09881623089313507, 0.32147419452667236], [0.09881623089313507, 0.6568586826324463], [0.33510822057724, 0.2627829313278198], [0.33510822057724, 0.7128583192825317], [0.7022448182106018, 0.34541255235671997], [0.7022448182106018, 0.6347449421882629], [0.848063051700592, 0.3654429018497467], [0.848063051700592, 0.6165163516998291]]}