{"z0": 50.0, "z1": -42.140846252441406, "uv": [[0.1029001772403717, 0.2313491404056549], [0.1029001772403717, 0.7395234704017639], [0.4617517292499542, 0.3686043620109558], [0.4617517292499542, 0.6107152700424194], [0.6381024122238159, 0.40980952978134155], [0.6381024122238159, 0.574783444404602], [0.7912063002586365, 0.3880406618118286], [0.7912063002586365, 0.5936555862426758]]}