{"z0": 50.0, "z1": -40.80821990966797, "uv": [[0.20996621251106262, 0.39005759358406067], [0.20996621251106262, 0.5891169309616089], [0.31156569719314575, 0.39468544721603394], [0.31156569719314575, 0.5851983428001404], [0.5641672015190125, 0.2800512909889221], [0.5641672015190125, 0.6870914101600647], [0.9026609063148499, 0.22161690890789032], [0.9026609063148499, 0.7442364692687988]]}