{"z0": 50.0, "z1": -42.41457748413086, "uv": [[0.14825057983398438, 0.38531041145324707], [0.14825057983398438, 0.5966306924819946], [0.2893420457839966, 0.36453115940093994], [0.2893420457839966, 0.6150033473968506], [0.7095921039581299, 0.364269882440567], [0.7095921039581299, 0.6152359843254089], [0.8509506583213806, 0.38515278697013855], [0.8509506583213806, 0.5967691540718079]]}