{"z0": 50.0, "z1": -47.64369201660156, "uv": [[0.22741596400737762, 0.40529659390449524], [0.22741596400737762, 0.588567852973938], [0.28504863381385803, 0.4066554009914398], [0.28504863381385803, 0.5872631072998047], [0.7183008193969727, 0.417232871055603], [0.7183008193969727, 0.5771158933639526], [0.7688716650009155, 0.4162941575050354], [0.7688716650009155, 0.5780157446861267]]}