{"z0": 50.0, "z1": -43.991661071777344, "uv": [[0.2146960347890854, 0.3904235064983368], [0.2146960347890854, 0.5954042077064514], [0.37511372566223145, 0.4191833436489105], [0.37511372566223145, 0.5696008205413818], [0.5521553754806519, 0.3942960202693939], [0.5521553754806519, 0.5919116735458374], [0.840406060218811, 0.268520325422287], [0.840406060218811, 0.7095142602920532]]}