{"z0": 50.0, "z1": -41.804420471191406, "uv": [[0.14125293493270874, 0.39704543352127075], [0.14125293493270874, 0.5851619839668274], [0.2879195511341095, 0.37396663427352905], [0.2879195511341095, 0.6051950454711914], [0.680658757686615, 0.2989271581172943], [0.680658757686615, 0.6728729605674744], [0.9067990183830261, 0.3669378459453583], [0.9067990183830261, 0.6113583445549011]]}