{"z0": 50.0, "z1": -49.28285217285156, "uv": [[0.19157803058624268, 0.38648003339767456], [0.19157803058624268, 0.6100813150405884], [0.38975176215171814, 0.42065703868865967], [0.38975176215171814, 0.5763098001480103], [0.5400553941726685, 0.4018242657184601], [0.5400553941726685, 0.5949118733406067], [0.8893729448318481, 0.28459951281547546], [0.8893729448318481, 0.7112089395523071]]}