{"z0": 50.0, "z1": -45.76152038574219, "uv": [[0.22822147607803345, 0.4204552173614502], [0.22822147607803345, 0.5711670517921448], [0.2737073302268982, 0.4206530749797821], [0.2737073302268982, 0.5709841847419739], [0.7259541749954224, 0.4226256012916565], [0.7259541749954224, 0.5691617131233215], [0.7702386379241943, 0.42244234681129456], [0.7702386379241943, 0.5693309903144836]]}