{"z0": 50.0, "z1": -48.842529296875, "uv": [[0.08924601972103119, 0.4124981164932251], [0.08924601972103119, 0.5836398005485535], [0.3237762749195099, 0.3602682948112488], [0.3237762749195099, 0.6349465847015381], [0.6705160140991211, 0.35320815443992615], [0.6705160140991211, 0.6419028043746948], [0.9149019718170166, 0.4108673930168152], [0.9149019718170166, 0.5852381587028503]]}