{"z0": 50.0, "z1": -55.557151794433594, "uv": [[0.06185311824083328, 0.40367591381073], [0.06185311824083328, 0.6042467951774597], [0.3438621759414673, 0.31091737747192383], [0.3438621759414673, 0.7029387354850769], [0.6204885840415955, 0.27105438709259033], [0.6204885840415955, 0.7436960339546204], [0.9583538770675659, 0.39956700801849365], [0.9583538770675659, 0.608717143535614]]}