{"z0": 50.0, "z1": -40.24341583251953, "uv": [[0.04210228845477104, 0.3863305449485779], [0.04210228845477104, 0.5910623073577881], [0.3705540597438812, 0.24702098965644836], [0.3705540597438812, 0.7167016267776489], [0.6833807826042175, 0.3286421298980713], [0.6833807826042175, 0.6407742500305176], [0.9145258069038391, 0.39759284257888794], [0.9145258069038391, 0.5816357135772705]]}