{"z0": 50.0, "z1": -43.804725646972656, "uv": [[0.10744360834360123, 0.31536048650741577], [0.10744360834360123, 0.6639857888221741], [0.3617664873600006, 0.28620606660842896], [0.3617664873600006, 0.6917241215705872], [0.6842372417449951, 0.3550579845905304], [0.6842372417449951, 0.6271231770515442], [0.8394275307655334, 0.36509183049201965], [0.8394275307655334, 0.6179513335227966]]}