{"z0": 50.0, "z1": -46.51409149169922, "uv": [[0.16913294792175293, 0.2747837007045746], [0.16913294792175293, 0.7119870781898499], [0.39519158005714417, 0.32888737320899963], [0.39519158005714417, 0.6592553853988647], [0.6720964908599854, 0.39212265610694885], [0.6720964908599854, 0.5989676117897034], [0.7847006916999817, 0.3819730877876282], [0.7847006916999817, 0.6085629463195801]]}