{"z0": 50.0, "z1": -40.75958251953125, "uv": [[0.10233040153980255, 0.351787269115448], [0.10233040153980255, 0.6219176650047302], [0.3977758586406708, 0.35293933749198914], [0.3977758586406708, 0.6209118366241455], [0.5515407919883728, 0.3309921324253082], [0.5515407919883728, 0.640261173248291], [0.9467923641204834, 0.3292275071144104], [0.9467923641204834, 0.6418349146842957]]}