{"z0": 50.0, "z1": -38.890254974365234, "uv": [[0.1719127744436264, 0.3389768600463867], [0.1719127744436264, 0.6276835799217224], [0.32564055919647217, 0.33832499384880066], [0.32564055919647217, 0.628242015838623], [0.6247600317001343, 0.27522048354148865], [0.6247600317001343, 0.6845539808273315], [0.876050591468811, 0.2769962251186371], [0.876050591468811, 0.6829017400741577]]}