{"z0": 50.0, "z1": -41.27665710449219, "uv": [[0.15727487206459045, 0.20875999331474304], [0.15727487206459045, 0.7592023015022278], [0.43170395493507385, 0.3182898759841919], [0.43170395493507385, 0.6533013582229614], [0.6588847041130066, 0.3840813934803009], [0.6588847041130066, 0.5952233076095581], [0.7794193625450134, 0.3669426739215851], [0.7794193625450134, 0.6100488305091858]]}