{"z0": 50.0, "z1": -42.24869918823242, "uv": [[0.06702706217765808, 0.27051252126693726], [0.06702706217765808, 0.7013868093490601], [0.4122236371040344, 0.23298290371894836], [0.4122236371040344, 0.7382897734642029], [0.7073217034339905, 0.39480429887771606], [0.7073217034339905, 0.5879828929901123], [0.8055282831192017, 0.3974604308605194], [0.8055282831192017, 0.5856718420982361]]}