{"z0": 50.0, "z1": -48.932960510253906, "uv": [[0.04799414053559303, 0.3794028162956238], [0.04799414053559303, 0.6163182854652405], [0.40667134523391724, 0.299436092376709], [0.40667134523391724, 0.695359468460083], [0.6867608428001404, 0.3965648412704468], [0.6867608428001404, 0.5994390845298767], [0.8637644648551941, 0.41447240114212036], [0.8637644648551941, 0.5818512439727783]]}