{"z0": 50.0, "z1": -44.79801559448242, "uv": [[0.09598662704229355, 0.3143780827522278], [0.09598662704229355, 0.6680097579956055], [0.3445836305618286, 0.257016658782959], [0.3445836305618286, 0.7236503958702087], [0.71355801820755, 0.38378751277923584], [0.71355801820755, 0.6031501293182373], [0.8216855525970459, 0.3920513093471527], [0.8216855525970459, 0.5955712199211121]]}