{"z0": 50.0, "z1": -40.7935676574707, "uv": [[0.18629032373428345, 0.2853739261627197], [0.18629032373428345, 0.6820352077484131], [0.3726936876773834, 0.32330086827278137], [0.3726936876773834, 0.6472475528717041], [0.6672233939170837, 0.36826565861701965], [0.6672233939170837, 0.6077098250389099], [0.7876121401786804, 0.354825884103775], [0.7876121401786804, 0.6193578839302063]]}