{"z0": 50.0, "z1": -42.926963806152344, "uv": [[0.10066953301429749, 0.323019415140152], [0.10066953301429749, 0.654116153717041], [0.33058398962020874, 0.26443132758140564], [0.33058398962020874, 0.7097222805023193], [0.7045583128929138, 0.34670740365982056], [0.7045583128929138, 0.6323878169059753], [0.847169041633606, 0.36665600538253784], [0.847169041633606, 0.6143743395805359]]}