{"z0": 50.0, "z1": -35.46070098876953, "uv": [[0.20638549327850342, 0.3871680200099945], [0.20638549327850342, 0.5799950361251831], [0.343239963054657, 0.4014805257320404], [0.343239963054657, 0.5692882537841797], [0.6240512132644653, 0.37682056427001953], [0.6240512132644653, 0.5878374576568604], [0.8125657439231873, 0.34425029158592224], [0.8125657439231873, 0.6131853461265564]]}