{"z0": 50.0, "z1": -42.025672912597656, "uv": [[0.21528810262680054, 0.2816064655780792], [0.21528810262680054, 0.6899625658988953], [0.4396726191043854, 0.40455326437950134], [0.4396726191043854, 0.5791096687316895], [0.5795474052429199, 0.40974175930023193], [0.5795474052429199, 0.5746423602104187], [0.7742577791213989, 0.3292282521724701], [0.7742577791213989, 0.6456758379936218]]}