{"z0": 50.0, "z1": -47.294559478759766, "uv": [[0.21773691475391388, 0.3415594696998596], [0.21773691475391388, 0.6492031812667847], [0.4149596095085144, 0.4124704599380493], [0.4149596095085144, 0.5811034440994263], [0.5922144055366516, 0.41506123542785645], [0.5922144055366516, 0.5786346197128296], [0.777933657169342, 0.35576021671295166], [0.777933657169342, 0.6354713439941406]]}