{"z0": 50.0, "z1": -40.92546844482422, "uv": [[0.0565735325217247, 0.3789164125919342], [0.0565735325217247, 0.5988706350326538], [0.31770527362823486, 0.2447315901517868], [0.31770527362823486, 0.72157883644104], [0.6863517165184021, 0.25623199343681335], [0.6863517165184021, 0.7103254199028015], [0.9377990961074829, 0.38015857338905334], [0.9377990961074829, 0.5978067517280579]]}