{"z0": 50.0, "z1": -47.430335998535156, "uv": [[0.17022258043289185, 0.4043884575366974], [0.17022258043289185, 0.5890563726425171], [0.3404315710067749, 0.40818092226982117], [0.3404315710067749, 0.5854288935661316], [0.5862201452255249, 0.360719233751297], [0.5862201452255249, 0.6310245394706726], [0.900610089302063, 0.34605562686920166], [0.900610089302063, 0.6452119946479797]]}