{"z0": 50.0, "z1": -43.12190246582031, "uv": [[0.12224596738815308, 0.27970314025878906], [0.12224596738815308, 0.6956290602684021], [0.387846440076828, 0.2915996015071869], [0.387846440076828, 0.6842430830001831], [0.624152660369873, 0.3029698431491852], [0.624152660369873, 0.6734687685966492], [0.8637720346450806, 0.29305538535118103], [0.8637720346450806, 0.6828577518463135]]}