{"z0": 50.0, "z1": -45.54212188720703, "uv": [[0.061025332659482956, 0.4123024046421051], [0.061025332659482956, 0.5783431529998779], [0.30388501286506653, 0.3049764931201935], [0.30388501286506653, 0.6793558597564697], [0.7165851593017578, 0.37025168538093567], [0.7165851593017578, 0.6173863410949707], [0.9034417867660522, 0.4215432405471802], [0.9034417867660522, 0.5698317289352417]]}