{"z0": 50.0, "z1": -43.163883209228516, "uv": [[0.15836448967456818, 0.37240535020828247], [0.15836448967456818, 0.6097868084907532], [0.3051556944847107, 0.3592470586299896], [0.3051556944847107, 0.6216452121734619], [0.6374985575675964, 0.26799920201301575], [0.6374985575675964, 0.7070972919464111], [0.90598064661026, 0.31661078333854675], [0.90598064661026, 0.6608074307441711]]}