{"z0": 50.0, "z1": -44.719268798828125, "uv": [[0.10032769292593002, 0.4245484471321106], [0.10032769292593002, 0.5658748745918274], [0.27290409803390503, 0.37837058305740356], [0.27290409803390503, 0.6079552173614502], [0.6856713891029358, 0.23946838080883026], [0.6856713891029358, 0.7408232092857361], [0.9595709443092346, 0.4102241098880768], [0.9595709443092346, 0.5788538455963135]]}