{"z0": 50.0, "z1": -32.84915542602539, "uv": [[0.05309050902724266, 0.4209486246109009], [0.05309050902724266, 0.5509068965911865], [0.32890766859054565, 0.3121250569820404], [0.32890766859054565, 0.6302144527435303], [0.6321010589599609, 0.25962260365486145], [0.6321010589599609, 0.6744452714920044], [0.9666014313697815, 0.4181879162788391], [0.9666014313697815, 0.5527858138084412]]}