{"z0": 50.0, "z1": -41.357505798339844, "uv": [[0.18743999302387238, 0.3785936236381531], [0.18743999302387238, 0.6001349091529846], [0.30606210231781006, 0.3771043121814728], [0.30606210231781006, 0.6014229655265808], [0.6202465891838074, 0.2765186131000519], [0.6202465891838074, 0.6924201846122742], [0.8868753910064697, 0.2853337526321411], [0.8868753910064697, 0.6840729713439941]]}