{"z0": 50.0, "z1": -39.54573059082031, "uv": [[0.03671978786587715, 0.3764200508594513], [0.03671978786587715, 0.5977933406829834], [0.36473846435546875, 0.2064332216978073], [0.36473846435546875, 0.7547977566719055], [0.683478057384491, 0.28465911746025085], [0.683478057384491, 0.6782128810882568], [0.9285436272621155, 0.384542316198349], [0.9285436272621155, 0.5910340547561646]]}