{"z0": 50.0, "z1": -56.88538360595703, "uv": [[0.0905882865190506, 0.3465069830417633], [0.0905882865190506, 0.6689451336860657], [0.4323699474334717, 0.3798780143260956], [0.4323699474334717, 0.6328060030937195], [0.5625707507133484, 0.3786684274673462], [0.5625707507133484, 0.6341295838356018], [0.9134534001350403, 0.3439381718635559], [0.9134534001350403, 0.6716930866241455]]}