{"z0": 50.0, "z1": -44.420467376708984, "uv": [[0.09172675758600235, 0.3230471611022949], [0.09172675758600235, 0.6586365699768066], [0.3352642059326172, 0.254317045211792], [0.3352642059326172, 0.7249890565872192], [0.7153411507606506, 0.3774549961090088], [0.7153411507606506, 0.6081201434135437], [0.8304536938667297, 0.3892970681190491], [0.8304536938667297, 0.5973116755485535]]}