{"z0": 50.0, "z1": -46.16139221191406, "uv": [[0.15089893341064453, 0.2514186501502991], [0.15089893341064453, 0.7339376211166382], [0.45364031195640564, 0.39358025789260864], [0.45364031195640564, 0.5968907475471497], [0.6282519698143005, 0.4217548668384552], [0.6282519698143005, 0.5705654621124268], [0.7811980843544006, 0.39598891139030457], [0.7811980843544006, 0.5946325063705444]]}