{"z0": 50.0, "z1": -44.337974548339844, "uv": [[0.14643557369709015, 0.4220171272754669], [0.14643557369709015, 0.5675929188728333], [0.29949474334716797, 0.40792423486709595], [0.29949474334716797, 0.5802749395370483], [0.595115065574646, 0.2870124876499176], [0.595115065574646, 0.692751407623291], [0.9539774060249329, 0.3800019323825836], [0.9539774060249329, 0.6056068539619446]]}