{"z0": 50.0, "z1": -43.85725021362305, "uv": [[0.15669259428977966, 0.36729490756988525], [0.15669259428977966, 0.6160725355148315], [0.29731228947639465, 0.3507729172706604], [0.29731228947639465, 0.6311975717544556], [0.6819884777069092, 0.30475953221321106], [0.6819884777069092, 0.6741718649864197], [0.8714470267295837, 0.33823615312576294], [0.8714470267295837, 0.6427756547927856]]}