{"z0": 50.0, "z1": -41.093257904052734, "uv": [[0.19743900001049042, 0.3727916181087494], [0.19743900001049042, 0.6045312881469727], [0.3125077486038208, 0.3757091760635376], [0.3125077486038208, 0.6020141839981079], [0.5965503454208374, 0.27155664563179016], [0.5965503454208374, 0.6961897015571594], [0.8864656090736389, 0.25096046924591064], [0.8864656090736389, 0.716100811958313]]}