{"z0": 50.0, "z1": -55.48302459716797, "uv": [[0.1042516902089119, 0.4112633764743805], [0.1042516902089119, 0.5958508253097534], [0.3201821744441986, 0.373075395822525], [0.3201821744441986, 0.6371809244155884], [0.667256772518158, 0.3564554452896118], [0.667256772518158, 0.6549345850944519], [0.9081070423126221, 0.4061848521232605], [0.9081070423126221, 0.6013858914375305]]}