{"z0": 50.0, "z1": -40.80670166015625, "uv": [[0.10626788437366486, 0.3117070496082306], [0.10626788437366486, 0.6577711701393127], [0.3320505917072296, 0.260146826505661], [0.3320505917072296, 0.7060849666595459], [0.7222266793251038, 0.4001748561859131], [0.7222266793251038, 0.5805628895759583], [0.8076298832893372, 0.4050176441669464], [0.8076298832893372, 0.5764894485473633]]}