{"z0": 50.0, "z1": -39.801666259765625, "uv": [[0.17528361082077026, 0.38567593693733215], [0.17528361082077026, 0.5906517505645752], [0.2915549874305725, 0.3773624300956726], [0.2915549874305725, 0.5976011753082275], [0.649708092212677, 0.2651687562465668], [0.649708092212677, 0.6974707245826721], [0.897971510887146, 0.3123440146446228], [0.897971510887146, 0.6538882851600647]]}