{"z0": 50.0, "z1": -41.632171630859375, "uv": [[0.11134567111730576, 0.290096253156662], [0.11134567111730576, 0.6805531978607178], [0.42557522654533386, 0.3428962528705597], [0.42557522654533386, 0.6322014927864075], [0.5697152018547058, 0.3413819968700409], [0.5697152018547058, 0.6335552930831909], [0.8923327326774597, 0.28638482093811035], [0.8923327326774597, 0.6840487718582153]]}