{"z0": 50.0, "z1": -46.83435821533203, "uv": [[0.1254807412624359, 0.28201887011528015], [0.1254807412624359, 0.7059163451194763], [0.4452687203884125, 0.3830651342868805], [0.4452687203884125, 0.6082192659378052], [0.5604231953620911, 0.38473567366600037], [0.5604231953620911, 0.6066300868988037], [0.863494873046875, 0.29254722595214844], [0.863494873046875, 0.69557124376297]]}