{"z0": 50.0, "z1": -44.518287658691406, "uv": [[0.09022269397974014, 0.32989466190338135], [0.09022269397974014, 0.6524791121482849], [0.42878130078315735, 0.35962316393852234], [0.42878130078315735, 0.6247599720954895], [0.5766361355781555, 0.3620685636997223], [0.5766361355781555, 0.6224998235702515], [0.9014002084732056, 0.3342212438583374], [0.9014002084732056, 0.6484156250953674]]}