{"z0": 50.0, "z1": -43.99823760986328, "uv": [[0.09483039379119873, 0.4156898260116577], [0.09483039379119873, 0.5727304220199585], [0.3165043592453003, 0.368733674287796], [0.3165043592453003, 0.6151021122932434], [0.5912492871284485, 0.2674995958805084], [0.5912492871284485, 0.7105346918106079], [0.9683056473731995, 0.40096279978752136], [0.9683056473731995, 0.5859254598617554]]}