{"z0": 50.0, "z1": -40.33942413330078, "uv": [[0.21282891929149628, 0.3926941454410553], [0.21282891929149628, 0.5859233140945435], [0.3075798451900482, 0.3966993987560272], [0.3075798451900482, 0.5825706720352173], [0.5728198289871216, 0.2773754894733429], [0.5728198289871216, 0.6879103183746338], [0.8913800120353699, 0.22255975008010864], [0.8913800120353699, 0.7414432168006897]]}