{"z0": 50.0, "z1": -40.203731536865234, "uv": [[0.1861143410205841, 0.2761283814907074], [0.1861143410205841, 0.6885877251625061], [0.43104782700538635, 0.3830733299255371], [0.43104782700538635, 0.5937151908874512], [0.6113356947898865, 0.4003996253013611], [0.6113356947898865, 0.5792220830917358], [0.785194456577301, 0.3557928800582886], [0.785194456577301, 0.6169423460960388]]}