{"z0": 50.0, "z1": -40.7967529296875, "uv": [[0.0710638239979744, 0.3909985423088074], [0.0710638239979744, 0.5882954001426697], [0.3383699953556061, 0.3069886863231659], [0.3383699953556061, 0.6620415449142456], [0.5831920504570007, 0.2303340882062912], [0.5831920504570007, 0.7353971600532532], [0.9719566106796265, 0.381731778383255], [0.9719566106796265, 0.5961729288101196]]}