{"z0": 50.0, "z1": -43.52473449707031, "uv": [[0.13150939345359802, 0.26651960611343384], [0.13150939345359802, 0.7098206877708435], [0.44539859890937805, 0.37652865052223206], [0.44539859890937805, 0.6069185733795166], [0.5638101100921631, 0.37927037477493286], [0.5638101100921631, 0.6044493913650513], [0.8527088761329651, 0.28405946493148804], [0.8527088761329651, 0.6928322911262512]]}