{"z0": 50.0, "z1": -41.26328659057617, "uv": [[0.108263298869133, 0.2845748960971832], [0.108263298869133, 0.6844546794891357], [0.42640331387519836, 0.33638253808021545], [0.42640331387519836, 0.6369549036026001], [0.5711365342140198, 0.3357630968093872], [0.5711365342140198, 0.6375085115432739], [0.8925966024398804, 0.28313249349594116], [0.8925966024398804, 0.6858148574829102]]}