{"z0": 50.0, "z1": -44.730224609375, "uv": [[0.025943400338292122, 0.38455966114997864], [0.025943400338292122, 0.6022951602935791], [0.4194546639919281, 0.23441261053085327], [0.4194546639919281, 0.7459293603897095], [0.6653749942779541, 0.3198227286338806], [0.6653749942779541, 0.6626262664794922], [0.9229994416236877, 0.3952770531177521], [0.9229994416236877, 0.5924859642982483]]}