{"z0": 50.0, "z1": -45.648841857910156, "uv": [[0.01451833639293909, 0.4014928638935089], [0.01451833639293909, 0.5885260105133057], [0.45978841185569763, 0.2785096764564514], [0.45978841185569763, 0.7054322957992554], [0.6500122547149658, 0.3511148989200592], [0.6500122547149658, 0.6356422305107117], [0.9239434003829956, 0.4113483130931854], [0.9239434003829956, 0.5794032216072083]]}