{"z0": 50.0, "z1": -39.522239685058594, "uv": [[0.1609175056219101, 0.3222995400428772], [0.1609175056219101, 0.6441256999969482], [0.33717668056488037, 0.3217844069004059], [0.33717668056488037, 0.6445803642272949], [0.624020516872406, 0.2759559154510498], [0.624020516872406, 0.6862301826477051], [0.87604159116745, 0.2769922912120819], [0.87604159116745, 0.6852602958679199]]}