{"z0": 50.0, "z1": -42.196502685546875, "uv": [[0.2046651691198349, 0.2677678167819977], [0.2046651691198349, 0.7038483619689941], [0.40379685163497925, 0.3455277383327484], [0.40379685163497925, 0.63142991065979], [0.6453351974487305, 0.38163071870803833], [0.6453351974487305, 0.5993818640708923], [0.7735879421234131, 0.3561568856239319], [0.7735879421234131, 0.6219072937965393]]}