{"z0": 50.0, "z1": -41.51383972167969, "uv": [[0.13181422650814056, 0.25978899002075195], [0.13181422650814056, 0.7090737223625183], [0.4509737491607666, 0.38347846269607544], [0.4509737491607666, 0.5962636470794678], [0.5590860843658447, 0.38604477047920227], [0.5590860843658447, 0.5940479636192322], [0.8499725461006165, 0.28071993589401245], [0.8499725461006165, 0.6889895796775818]]}