{"z0": 50.0, "z1": -45.91118621826172, "uv": [[0.11209657788276672, 0.40877050161361694], [0.11209657788276672, 0.5822411775588989], [0.3056965470314026, 0.3722541928291321], [0.3056965470314026, 0.6163747310638428], [0.6755499243736267, 0.3400897979736328], [0.6755499243736267, 0.6468105316162109], [0.9102215766906738, 0.39911311864852905], [0.9102215766906738, 0.5912310481071472]]}