{"z0": 50.0, "z1": -42.22954559326172, "uv": [[0.07024728506803513, 0.39381393790245056], [0.07024728506803513, 0.5888069272041321], [0.33504143357276917, 0.3077356815338135], [0.33504143357276917, 0.6660817861557007], [0.5823791027069092, 0.22525502741336823], [0.5823791027069092, 0.7459991574287415], [0.9738367199897766, 0.38479581475257874], [0.9738367199897766, 0.5966813564300537]]}