{"z0": 50.0, "z1": -48.620723724365234, "uv": [[0.2033974677324295, 0.3698532283306122], [0.2033974677324295, 0.6249952912330627], [0.28750595450401306, 0.36825162172317505], [0.28750595450401306, 0.6265661716461182], [0.7266660332679749, 0.4170031249523163], [0.7266660332679749, 0.5788761377334595], [0.7774034738540649, 0.417402058839798], [0.7774034738540649, 0.5784868597984314]]}