{"z0": 50.0, "z1": -38.73637390136719, "uv": [[0.18607494235038757, 0.2769985496997833], [0.18607494235038757, 0.6823226809501648], [0.4304375648498535, 0.38276904821395874], [0.4304375648498535, 0.5906976461410522], [0.6099823117256165, 0.39930593967437744], [0.6099823117256165, 0.5772913694381714], [0.7861742377281189, 0.3532232940196991], [0.7861742377281189, 0.6151595711708069]]}