{"z0": 50.0, "z1": -41.465782165527344, "uv": [[0.04005562886595726, 0.3648380637168884], [0.04005562886595726, 0.6123571991920471], [0.3582598567008972, 0.19862250983715057], [0.3582598567008972, 0.7704370617866516], [0.6818262338638306, 0.26543840765953064], [0.6818262338638306, 0.7034294605255127], [0.9298378825187683, 0.37253689765930176], [0.9298378825187683, 0.6056399345397949]]}