{"z0": 50.0, "z1": -42.1417236328125, "uv": [[0.07439994066953659, 0.3903388977050781], [0.07439994066953659, 0.5916540026664734], [0.3345126211643219, 0.3100985288619995], [0.3345126211643219, 0.663602352142334], [0.587289571762085, 0.2297808974981308], [0.587289571762085, 0.7411032319068909], [0.9703876972198486, 0.38009706139564514], [0.9703876972198486, 0.6006038188934326]]}