{"z0": 50.0, "z1": -43.037105560302734, "uv": [[0.1802082359790802, 0.3699828088283539], [0.1802082359790802, 0.6116581559181213], [0.3117007315158844, 0.3677068054676056], [0.3117007315158844, 0.6137008666992188], [0.6467368006706238, 0.30644282698631287], [0.6467368006706238, 0.6699226498603821], [0.8617308735847473, 0.3134636878967285], [0.8617308735847473, 0.6633456349372864]]}