{"z0": 50.0, "z1": -43.41504669189453, "uv": [[0.16245505213737488, 0.24640192091464996], [0.16245505213737488, 0.729220986366272], [0.417471706867218, 0.3301233649253845], [0.417471706867218, 0.6490094661712646], [0.6533992290496826, 0.3826124966144562], [0.6533992290496826, 0.6012036800384521], [0.7867019176483154, 0.36374184489250183], [0.7867019176483154, 0.6182108521461487]]}