{"z0": 50.0, "z1": -44.158260345458984, "uv": [[0.18737347424030304, 0.38399189710617065], [0.18737347424030304, 0.6015793085098267], [0.37157705426216125, 0.4079160690307617], [0.37157705426216125, 0.5799669623374939], [0.5607419610023499, 0.3798026740550995], [0.5607419610023499, 0.6053875088691711], [0.8787425756454468, 0.3002454936504364], [0.8787425756454468, 0.6794478297233582]]}