{"z0": 50.0, "z1": -42.27179718017578, "uv": [[0.18466995656490326, 0.29044976830482483], [0.18466995656490326, 0.6824313402175903], [0.37574464082717896, 0.3299978971481323], [0.37574464082717896, 0.6457151174545288], [0.6632512211799622, 0.37106573581695557], [0.6632512211799622, 0.6088566780090332], [0.78937828540802, 0.3563723862171173], [0.78937828540802, 0.6219128370285034]]}