{"z0": 50.0, "z1": -46.29767608642578, "uv": [[0.1699630618095398, 0.40660688281059265], [0.1699630618095398, 0.5849364399909973], [0.34151995182037354, 0.41061776876449585], [0.34151995182037354, 0.5811804533004761], [0.5859752893447876, 0.36531808972358704], [0.5859752893447876, 0.6238453984260559], [0.9000342488288879, 0.3500305414199829], [0.9000342488288879, 0.6383839249610901]]}