{"z0": 50.0, "z1": -44.41044616699219, "uv": [[0.09166287630796432, 0.32778212428092957], [0.09166287630796432, 0.6541473865509033], [0.4295080006122589, 0.3606579601764679], [0.4295080006122589, 0.623530924320221], [0.5749020576477051, 0.36266955733299255], [0.5749020576477051, 0.6216756701469421], [0.9010237455368042, 0.3315642774105072], [0.9010237455368042, 0.6505950689315796]]}