{"z0": 50.0, "z1": -44.335968017578125, "uv": [[0.2158852368593216, 0.39489805698394775], [0.2158852368593216, 0.5920517444610596], [0.37168192863464355, 0.42113158106803894], [0.37168192863464355, 0.5683850049972534], [0.5529497861862183, 0.3948403298854828], [0.5529497861862183, 0.5921040773391724], [0.8397657871246338, 0.2712737023830414], [0.8397657871246338, 0.7080267071723938]]}