{"z0": 50.0, "z1": -44.2618408203125, "uv": [[0.1315649151802063, 0.3784659206867218], [0.1315649151802063, 0.606837809085846], [0.27040427923202515, 0.3427056670188904], [0.27040427923202515, 0.6397645473480225], [0.7320460677146912, 0.36509963870048523], [0.7320460677146912, 0.619071364402771], [0.853309154510498, 0.38965803384780884], [0.853309154510498, 0.5966548323631287]]}