{"z0": 50.0, "z1": -40.8178596496582, "uv": [[0.2112865298986435, 0.3338466286659241], [0.2112865298986435, 0.6378954648971558], [0.3512701690196991, 0.3586864769458771], [0.3512701690196991, 0.6160618662834167], [0.6420915126800537, 0.3529382050037384], [0.6420915126800537, 0.6210705041885376], [0.7905319333076477, 0.3242109417915344], [0.7905319333076477, 0.6465059518814087]]}