{"z0": 50.0, "z1": -40.72110366821289, "uv": [[0.15566660463809967, 0.2076377272605896], [0.15566660463809967, 0.7582077383995056], [0.4312343895435333, 0.31532561779022217], [0.4312343895435333, 0.6542088389396667], [0.6655817031860352, 0.3889515697956085], [0.6655817031860352, 0.589871346950531], [0.7775812745094299, 0.3750472366809845], [0.7775812745094299, 0.601710855960846]]}