{"z0": 50.0, "z1": -42.0353889465332, "uv": [[0.20669303834438324, 0.2674333155155182], [0.20669303834438324, 0.7035872936248779], [0.3984326124191284, 0.339445024728775], [0.3984326124191284, 0.6364519596099854], [0.649577796459198, 0.3779265582561493], [0.649577796459198, 0.6022648215293884], [0.7728191018104553, 0.3542816936969757], [0.7728191018104553, 0.6231529116630554]]}