{"z0": 50.0, "z1": -44.565391540527344, "uv": [[0.04150786250829697, 0.3625626862049103], [0.04150786250829697, 0.6221610307693481], [0.35878241062164307, 0.20136092603206635], [0.35878241062164307, 0.7789240479469299], [0.6826574206352234, 0.2707611620426178], [0.6826574206352234, 0.7093228101730347], [0.9262610077857971, 0.3713264763355255], [0.9262610077857971, 0.6140797138214111]]}