{"z0": 50.0, "z1": -43.13054656982422, "uv": [[0.06740305572748184, 0.3317692279815674], [0.06740305572748184, 0.64664626121521], [0.4284883737564087, 0.3258800804615021], [0.4284883737564087, 0.652087926864624], [0.5992617607116699, 0.34067055583000183], [0.5992617607116699, 0.6384662985801697], [0.9036137461662292, 0.3452053368091583], [0.9036137461662292, 0.6343191266059875]]}