{"z0": 50.0, "z1": -46.78496170043945, "uv": [[0.1628686785697937, 0.27711740136146545], [0.1628686785697937, 0.7105840444564819], [0.393715500831604, 0.32610321044921875], [0.393715500831604, 0.6627310514450073], [0.6721935272216797, 0.3895309269428253], [0.6721935272216797, 0.601970911026001], [0.7885808348655701, 0.3798445165157318], [0.7885808348655701, 0.6111761331558228]]}