{"z0": 50.0, "z1": -45.28042984008789, "uv": [[0.15786300599575043, 0.36492034792900085], [0.15786300599575043, 0.6217389106750488], [0.3018786907196045, 0.35000884532928467], [0.3018786907196045, 0.6357082724571228], [0.6772966384887695, 0.30765441060066223], [0.6772966384887695, 0.6759510040283203], [0.8685117363929749, 0.3366357088088989], [0.8685117363929749, 0.648320198059082]]}