{"z0": 50.0, "z1": -43.2008171081543, "uv": [[0.12617981433868408, 0.2563576400279999], [0.12617981433868408, 0.7186107635498047], [0.4046095013618469, 0.29407215118408203], [0.4046095013618469, 0.6821568608283997], [0.6804710030555725, 0.3830735683441162], [0.6804710030555725, 0.6003215312957764], [0.7970448732376099, 0.37746527791023254], [0.7970448732376099, 0.60533607006073]]}