{"z0": 50.0, "z1": -46.37818145751953, "uv": [[0.14824125170707703, 0.4192824065685272], [0.14824125170707703, 0.5732027888298035], [0.3031597137451172, 0.4061775505542755], [0.3031597137451172, 0.5854815244674683], [0.58949214220047, 0.29084354639053345], [0.58949214220047, 0.6957686543464661], [0.9529861807823181, 0.37452787160873413], [0.9529861807823181, 0.6153082847595215]]}