{"z0": 50.0, "z1": -43.32051086425781, "uv": [[0.08509072661399841, 0.2958396077156067], [0.08509072661399841, 0.6808778643608093], [0.3844766318798065, 0.2558126747608185], [0.3844766318798065, 0.71957927942276], [0.7032040953636169, 0.3871922791004181], [0.7032040953636169, 0.5969024896621704], [0.8158721923828125, 0.3919031023979187], [0.8158721923828125, 0.5927019119262695]]}