{"z0": 50.0, "z1": -46.51572799682617, "uv": [[0.17250339686870575, 0.369998574256897], [0.17250339686870575, 0.6199238300323486], [0.39630454778671265, 0.4083639979362488], [0.39630454778671265, 0.5836690068244934], [0.5368357300758362, 0.38979488611221313], [0.5368357300758362, 0.601169228553772], [0.9135110378265381, 0.2860020399093628], [0.9135110378265381, 0.7009590864181519]]}