{"z0": 50.0, "z1": -46.091217041015625, "uv": [[0.10431865602731705, 0.4245903193950653], [0.10431865602731705, 0.5678244233131409], [0.2894417345523834, 0.38424983620643616], [0.2894417345523834, 0.6055033802986145], [0.6574013233184814, 0.27837109565734863], [0.6574013233184814, 0.7070479989051819], [0.9526145458221436, 0.40970951318740845], [0.9526145458221436, 0.5816769599914551]]}