{"z0": 50.0, "z1": -45.31354522705078, "uv": [[0.083098404109478, 0.29969921708106995], [0.083098404109478, 0.6837190389633179], [0.3827489912509918, 0.2545349895954132], [0.3827489912509918, 0.7279094457626343], [0.7067509889602661, 0.3932114839553833], [0.7067509889602661, 0.5955422520637512], [0.8139205574989319, 0.39780664443969727], [0.8139205574989319, 0.591300368309021]]}