{"z0": 50.0, "z1": -42.74932861328125, "uv": [[0.033707309514284134, 0.4058604836463928], [0.033707309514284134, 0.5792861580848694], [0.3688153028488159, 0.24362638592720032], [0.3688153028488159, 0.729535698890686], [0.6807541847229004, 0.3187740445137024], [0.6807541847229004, 0.6574981808662415], [0.9334628582000732, 0.41145965456962585], [0.9334628582000732, 0.5743957161903381]]}