{"z0": 50.0, "z1": -40.196815490722656, "uv": [[0.19363775849342346, 0.34576699137687683], [0.19363775849342346, 0.6256033182144165], [0.39040109515190125, 0.39121249318122864], [0.39040109515190125, 0.5868699550628662], [0.5875539779663086, 0.38142669200897217], [0.5875539779663086, 0.5950866937637329], [0.8213948607444763, 0.3126440942287445], [0.8213948607444763, 0.6549210548400879]]}