{"z0": 50.0, "z1": -41.50970458984375, "uv": [[0.0397309847176075, 0.3898437023162842], [0.0397309847176075, 0.5907663106918335], [0.36579206585884094, 0.23919175565242767], [0.36579206585884094, 0.7292940616607666], [0.6887127757072449, 0.3283517360687256], [0.6887127757072449, 0.6449073553085327], [0.9163489937782288, 0.40055400133132935], [0.9163489937782288, 0.5815813541412354]]}