{"z0": 50.0, "z1": -54.7784423828125, "uv": [[0.09022455662488937, 0.34102919697761536], [0.09022455662488937, 0.6694797873497009], [0.4361810088157654, 0.3809569776058197], [0.4361810088157654, 0.6272356510162354], [0.5590096116065979, 0.37990111112594604], [0.5590096116065979, 0.6283625364303589], [0.9137194752693176, 0.33846336603164673], [0.9137194752693176, 0.6721669435501099]]}