{"z0": 50.0, "z1": -43.49828338623047, "uv": [[0.14572277665138245, 0.3321567475795746], [0.14572277665138245, 0.6473711133003235], [0.38791152834892273, 0.35934850573539734], [0.38791152834892273, 0.6224107146263123], [0.6537904143333435, 0.39255139231681824], [0.6537904143333435, 0.5924851298332214], [0.8158065676689148, 0.38191014528274536], [0.8158065676689148, 0.6020171642303467]]}