{"z0": 50.0, "z1": -42.681732177734375, "uv": [[0.04654950276017189, 0.3634184002876282], [0.04654950276017189, 0.6166660189628601], [0.4057307243347168, 0.2718665897846222], [0.4057307243347168, 0.7016311883926392], [0.645235538482666, 0.3190285265445709], [0.645235538482666, 0.6570513248443604], [0.9143540859222412, 0.37569478154182434], [0.9143540859222412, 0.6057214140892029]]}