{"z0": 50.0, "z1": -41.87798309326172, "uv": [[0.21576246619224548, 0.28097525238990784], [0.21576246619224548, 0.6900410056114197], [0.4364575147628784, 0.39972034096717834], [0.4364575147628784, 0.5829992890357971], [0.5837287902832031, 0.40573352575302124], [0.5837287902832031, 0.5778257250785828], [0.7738304138183594, 0.3291568458080292], [0.7738304138183594, 0.6452949047088623]]}