{"z0": 50.0, "z1": -41.32786560058594, "uv": [[0.2101190686225891, 0.3602466583251953], [0.2101190686225891, 0.6160261034965515], [0.3609046936035156, 0.38690611720085144], [0.3609046936035156, 0.5929068922996521], [0.6057056188583374, 0.36489272117614746], [0.6057056188583374, 0.6119634509086609], [0.8074346780776978, 0.30961278080940247], [0.8074346780776978, 0.6613941192626953]]}