{"z0": 50.0, "z1": -40.3863410949707, "uv": [[0.15141956508159637, 0.37143296003341675], [0.15141956508159637, 0.6040013432502747], [0.28222647309303284, 0.34930720925331116], [0.28222647309303284, 0.6230542063713074], [0.7054293155670166, 0.308692067861557], [0.7054293155670166, 0.65912264585495], [0.8717495203018188, 0.34907427430152893], [0.8717495203018188, 0.6232568621635437]]}