{"z0": 50.0, "z1": -48.12494659423828, "uv": [[0.10866431891918182, 0.42507368326187134], [0.10866431891918182, 0.5702934265136719], [0.28940367698669434, 0.38849323987960815], [0.28940367698669434, 0.6057174205780029], [0.6555014252662659, 0.2818128168582916], [0.6555014252662659, 0.7103040218353271], [0.9513111114501953, 0.4086492657661438], [0.9513111114501953, 0.5861783623695374]]}