{"z0": 50.0, "z1": -43.47145080566406, "uv": [[0.13687442243099213, 0.38306447863578796], [0.13687442243099213, 0.6009219288825989], [0.34265005588531494, 0.37290745973587036], [0.34265005588531494, 0.6100601553916931], [0.2821590304374695, 0.45030394196510315], [0.2821590304374695, 0.541462242603302], [0.20774318277835846, 0.45095446705818176], [0.20774318277835846, 0.5408934354782104]]}