{"z0": 50.0, "z1": -41.6820068359375, "uv": [[0.22425396740436554, 0.369884192943573], [0.22425396740436554, 0.6084744334220886], [0.38177236914634705, 0.4082268178462982], [0.38177236914634705, 0.5753403902053833], [0.5515422224998474, 0.38454753160476685], [0.5515422224998474, 0.5957068800926208], [0.81424880027771, 0.2374766319990158], [0.81424880027771, 0.7316561937332153]]}