{"z0": 50.0, "z1": -46.72161102294922, "uv": [[0.1786278635263443, 0.3706757426261902], [0.1786278635263443, 0.6197632551193237], [0.3127037286758423, 0.36816900968551636], [0.3127037286758423, 0.622153103351593], [0.6475381255149841, 0.3102726340293884], [0.6475381255149841, 0.6779030561447144], [0.8615326881408691, 0.3176169991493225], [0.8615326881408691, 0.6707671880722046]]}