{"z0": 50.0, "z1": -45.20514678955078, "uv": [[0.204015851020813, 0.3778838515281677], [0.204015851020813, 0.6094985604286194], [0.3239933252334595, 0.3856160044670105], [0.3239933252334595, 0.6023382544517517], [0.6127611994743347, 0.32125434279441833], [0.6127611994743347, 0.6627047061920166], [0.8439437747001648, 0.2855532169342041], [0.8439437747001648, 0.6970718502998352]]}