{"z0": 50.0, "z1": -41.490604400634766, "uv": [[0.2004683017730713, 0.33868730068206787], [0.2004683017730713, 0.6355582475662231], [0.35211390256881714, 0.36118564009666443], [0.35211390256881714, 0.6156215667724609], [0.6394110918045044, 0.3538065254688263], [0.6394110918045044, 0.6221192479133606], [0.8031914234161377, 0.3266911804676056], [0.8031914234161377, 0.6463502049446106]]}