{"z0": 50.0, "z1": -42.91766357421875, "uv": [[0.08885861188173294, 0.3071110248565674], [0.08885861188173294, 0.6689073443412781], [0.3581327795982361, 0.24846836924552917], [0.3581327795982361, 0.725356936454773], [0.711253821849823, 0.3837699294090271], [0.711253821849823, 0.5990828275680542], [0.8206794857978821, 0.39138951897621155], [0.8206794857978821, 0.5923334956169128]]}