{"z0": 50.0, "z1": -41.62467956542969, "uv": [[0.03446248546242714, 0.38032805919647217], [0.03446248546242714, 0.5992385745048523], [0.374317467212677, 0.2111748307943344], [0.374317467212677, 0.7580512166023254], [0.6749400496482849, 0.28175124526023865], [0.6749400496482849, 0.6884057521820068], [0.9335525035858154, 0.3870927393436432], [0.9335525035858154, 0.5933811068534851]]}