{"z0": 50.0, "z1": -43.08616638183594, "uv": [[0.13446475565433502, 0.2908358573913574], [0.13446475565433502, 0.6848491430282593], [0.4412009119987488, 0.38728442788124084], [0.4412009119987488, 0.5963236093521118], [0.5649212002754211, 0.3891490697860718], [0.5649212002754211, 0.5946671962738037], [0.8546122908592224, 0.3023216724395752], [0.8546122908592224, 0.6739625930786133]]}