{"z0": 50.0, "z1": -44.09444046020508, "uv": [[0.17280302941799164, 0.2785172164440155], [0.17280302941799164, 0.7001424431800842], [0.3875029981136322, 0.32557666301727295], [0.3875029981136322, 0.6552757620811462], [0.6708157062530518, 0.38419002294540405], [0.6708157062530518, 0.6012613773345947], [0.7869061827659607, 0.37331292033195496], [0.7869061827659607, 0.611153244972229]]}