{"z0": 50.0, "z1": -41.94969177246094, "uv": [[0.18100722134113312, 0.39052197337150574], [0.18100722134113312, 0.5910963416099548], [0.28935444355010986, 0.38394564390182495], [0.28935444355010986, 0.5968142151832581], [0.6107650995254517, 0.22434739768505096], [0.6107650995254517, 0.7458592057228088], [0.9298250675201416, 0.29017356038093567], [0.9298250675201416, 0.6815810799598694]]}