{"z0": 50.0, "z1": -42.091453552246094, "uv": [[0.04073502868413925, 0.38347360491752625], [0.04073502868413925, 0.5975366830825806], [0.36320698261260986, 0.23096328973770142], [0.36320698261260986, 0.7397247552871704], [0.6736677885055542, 0.28727883100509644], [0.6736677885055542, 0.6848080158233643], [0.9328634142875671, 0.3893122673034668], [0.9328634142875671, 0.5924433469772339]]}