{"z0": 50.0, "z1": -45.10900115966797, "uv": [[0.10820036381483078, 0.4101685881614685], [0.10820036381483078, 0.5795712471008301], [0.30592405796051025, 0.3708416819572449], [0.30592405796051025, 0.615812361240387], [0.6758949160575867, 0.33953335881233215], [0.6758949160575867, 0.6451003551483154], [0.9130611419677734, 0.40150848031044006], [0.9130611419677734, 0.5875072479248047]]}