{"z0": 50.0, "z1": -42.176414489746094, "uv": [[0.0660405158996582, 0.3283744156360626], [0.0660405158996582, 0.6469088196754456], [0.428017258644104, 0.31880292296409607], [0.428017258644104, 0.6556763052940369], [0.5988923907279968, 0.3335298001766205], [0.5988923907279968, 0.6422165036201477], [0.9062256217002869, 0.34101980924606323], [0.9062256217002869, 0.6354352831840515]]}