{"z0": 50.0, "z1": -46.746299743652344, "uv": [[0.14451488852500916, 0.334016352891922], [0.14451488852500916, 0.6549734473228455], [0.4235730469226837, 0.39712613821029663], [0.4235730469226837, 0.5946943759918213], [0.6048624515533447, 0.40789228677749634], [0.6048624515533447, 0.5845144391059875], [0.8251528739929199, 0.37087029218673706], [0.8251528739929199, 0.6196355819702148]]}