{"z0": 50.0, "z1": -38.723304748535156, "uv": [[0.08905919641256332, 0.37652117013931274], [0.08905919641256332, 0.5957818031311035], [0.37585556507110596, 0.3433011472225189], [0.37585556507110596, 0.6235063076019287], [0.5889778137207031, 0.3196790814399719], [0.5889778137207031, 0.6438595056533813], [0.9384015202522278, 0.36601659655570984], [0.9384015202522278, 0.6044467687606812]]}