{"z0": 50.0, "z1": -42.1063346862793, "uv": [[0.14588487148284912, 0.36162233352661133], [0.14588487148284912, 0.61681067943573], [0.29913821816444397, 0.33867472410202026], [0.29913821816444397, 0.6373516917228699], [0.6959655284881592, 0.3286166191101074], [0.6959655284881592, 0.6464762091636658], [0.8594620823860168, 0.355468213558197], [0.8594620823860168, 0.6222836375236511]]}