{"z0": 50.0, "z1": -43.418277740478516, "uv": [[0.02618393860757351, 0.387681245803833], [0.02618393860757351, 0.5966724157333374], [0.4165003001689911, 0.23537582159042358], [0.4165003001689911, 0.7402287721633911], [0.6650344729423523, 0.3186688721179962], [0.6650344729423523, 0.6596789360046387], [0.9255240559577942, 0.39735841751098633], [0.9255240559577942, 0.5880399942398071]]}