{"z0": 50.0, "z1": -37.085357666015625, "uv": [[0.055450208485126495, 0.4189198911190033], [0.055450208485126495, 0.559003472328186], [0.3311446011066437, 0.31540384888648987], [0.3311446011066437, 0.642150342464447], [0.6321064233779907, 0.267205148935318], [0.6321064233779907, 0.6850427389144897], [0.9639500379562378, 0.41596123576164246], [0.9639500379562378, 0.5612632632255554]]}