{"z0": 50.0, "z1": -41.46497344970703, "uv": [[0.20962601900100708, 0.3570551574230194], [0.20962601900100708, 0.6191864609718323], [0.35970401763916016, 0.38345465064048767], [0.35970401763916016, 0.5961767435073853], [0.6056011319160461, 0.3597584068775177], [0.6056011319160461, 0.6168089509010315], [0.8090218901634216, 0.3037208616733551], [0.8090218901634216, 0.6672777533531189]]}