{"z0": 50.0, "z1": -42.22684097290039, "uv": [[0.19961431622505188, 0.2758047580718994], [0.19961431622505188, 0.6962192058563232], [0.3934762477874756, 0.3392955958843231], [0.3934762477874756, 0.6371376514434814], [0.6541552543640137, 0.37967541813850403], [0.6541552543640137, 0.6011655926704407], [0.7769378423690796, 0.3592979907989502], [0.7769378423690796, 0.6191861629486084]]}