{"z0": 50.0, "z1": -42.17763900756836, "uv": [[0.1444793939590454, 0.33029234409332275], [0.1444793939590454, 0.645164430141449], [0.38846278190612793, 0.3574577569961548], [0.38846278190612793, 0.6206977963447571], [0.6580557823181152, 0.39526084065437317], [0.6580557823181152, 0.587444007396698], [0.8129718899726868, 0.3859051764011383], [0.8129718899726868, 0.5955987572669983]]}