{"z0": 50.0, "z1": -43.437904357910156, "uv": [[0.0923486277461052, 0.32009074091911316], [0.0923486277461052, 0.6584113240242004], [0.33335593342781067, 0.25084641575813293], [0.33335593342781067, 0.7249017357826233], [0.7158414721488953, 0.3743838965892792], [0.7158414721488953, 0.6086505055427551], [0.8307033181190491, 0.3866317570209503], [0.8307033181190491, 0.5976528525352478]]}