{"z0": 50.0, "z1": -41.20093536376953, "uv": [[0.028490597382187843, 0.4145190417766571], [0.028490597382187843, 0.5691813826560974], [0.4170956313610077, 0.2955649793148041], [0.4170956313610077, 0.6739475727081299], [0.6596506237983704, 0.3623843193054199], [0.6596506237983704, 0.6138313412666321], [0.9244201183319092, 0.4221653938293457], [0.9244201183319092, 0.5627507567405701]]}