{"z0": 50.0, "z1": -43.91645812988281, "uv": [[0.1751820296049118, 0.27309149503707886], [0.1751820296049118, 0.704795777797699], [0.3871386647224426, 0.3213728666305542], [0.3871386647224426, 0.6586806178092957], [0.6757006049156189, 0.38705775141716003], [0.6757006049156189, 0.5982855558395386], [0.7832237482070923, 0.37757888436317444], [0.7832237482070923, 0.6068631410598755]]}