{"z0": 50.0, "z1": -42.09866714477539, "uv": [[0.18233513832092285, 0.3834907114505768], [0.18233513832092285, 0.5975375771522522], [0.3748221695423126, 0.40806129574775696], [0.3748221695423126, 0.5762165784835815], [0.5566635727882385, 0.38114261627197266], [0.5566635727882385, 0.5995914340019226], [0.8883962631225586, 0.3024640381336212], [0.8883962631225586, 0.6705599427223206]]}