{"z0": 50.0, "z1": -46.80899429321289, "uv": [[0.11733665317296982, 0.2901161313056946], [0.11733665317296982, 0.6978744268417358], [0.4471070170402527, 0.38644060492515564], [0.4471070170402527, 0.6049556732177734], [0.5603097081184387, 0.3884519636631012], [0.5603097081184387, 0.6030448079109192], [0.8688218593597412, 0.30231496691703796], [0.8688218593597412, 0.6859318017959595]]}