{"z0": 50.0, "z1": -41.19171142578125, "uv": [[0.10885535180568695, 0.3481646180152893], [0.10885535180568695, 0.6262866258621216], [0.4003693461418152, 0.35869473218917847], [0.4003693461418152, 0.6170313954353333], [0.5446740984916687, 0.3370852768421173], [0.5446740984916687, 0.6361175179481506], [0.9483445882797241, 0.3201996088027954], [0.9483445882797241, 0.6512984037399292]]}