{"z0": 50.0, "z1": -41.53668975830078, "uv": [[0.2151690423488617, 0.3810367286205292], [0.2151690423488617, 0.5984265804290771], [0.31864699721336365, 0.38877439498901367], [0.31864699721336365, 0.5917435884475708], [0.5890528559684753, 0.29926663637161255], [0.5890528559684753, 0.671650767326355], [0.8518505692481995, 0.23556575179100037], [0.8518505692481995, 0.7330096364021301]]}