{"z0": 50.0, "z1": -42.975181579589844, "uv": [[0.20937536656856537, 0.34583112597465515], [0.20937536656856537, 0.6333182454109192], [0.3642106056213379, 0.3764816224575043], [0.3642106056213379, 0.6056984663009644], [0.5927043557167053, 0.34846416115760803], [0.5927043557167053, 0.6309231519699097], [0.8158062100410461, 0.2753698229789734], [0.8158062100410461, 0.6992895603179932]]}