{"z0": 50.0, "z1": -50.26912307739258, "uv": [[0.20294944941997528, 0.36231791973114014], [0.20294944941997528, 0.6363769769668579], [0.36928999423980713, 0.39210420846939087], [0.36928999423980713, 0.6064755320549011], [0.5659404993057251, 0.3599741756916046], [0.5659404993057251, 0.6387288570404053], [0.8493865132331848, 0.26015615463256836], [0.8493865132331848, 0.7387431263923645]]}