{"z0": 50.0, "z1": -54.12608337402344, "uv": [[0.13873447477817535, 0.3421153426170349], [0.13873447477817535, 0.6666791439056396], [0.3998155891895294, 0.37507009506225586], [0.3998155891895294, 0.6320915222167969], [0.6167866587638855, 0.38478586077690125], [0.6167866587638855, 0.6218101382255554], [0.8430607318878174, 0.3605891764163971], [0.8430607318878174, 0.6473464965820312]]}