{"z0": 50.0, "z1": -48.75364685058594, "uv": [[0.12159444391727448, 0.31225404143333435], [0.12159444391727448, 0.6821065545082092], [0.41810473799705505, 0.35945403575897217], [0.41810473799705505, 0.6355291604995728], [0.6105779409408569, 0.37461793422698975], [0.6105779409408569, 0.6206240653991699], [0.8461057543754578, 0.34471333026885986], [0.8461057543754578, 0.650044322013855]]}