{"z0": 50.0, "z1": -37.730865478515625, "uv": [[0.18747781217098236, 0.3943711221218109], [0.18747781217098236, 0.5792283415794373], [0.33384841680526733, 0.40095090866088867], [0.33384841680526733, 0.5740442872047424], [0.5446553826332092, 0.3259618580341339], [0.5446553826332092, 0.6352415680885315], [0.936811089515686, 0.27868592739105225], [0.936811089515686, 0.6769735813140869]]}