{"z0": 50.0, "z1": -77.73231506347656, "uv": [[0.14337563514709473, 0.4075717031955719], [0.14337563514709473, 0.6360924243927002], [0.36219868063926697, 0.41045448184013367], [0.36219868063926697, 0.6320560574531555], [0.6288010478019714, 0.40563416481018066], [0.6288010478019714, 0.6387912034988403], [0.8635742664337158, 0.4022354781627655], [0.8635742664337158, 0.6434974074363708]]}