{"z0": 50.0, "z1": -65.25691223144531, "uv": [[0.1231510192155838, 0.3251248896121979], [0.1231510192155838, 0.7125523090362549], [0.42059606313705444, 0.37444403767585754], [0.42059606313705444, 0.6562806963920593], [0.6250813603401184, 0.397401362657547], [0.6250813603401184, 0.6286725401878357], [0.8290912508964539, 0.37549853324890137], [0.8290912508964539, 0.6550313234329224]]}