{"z0": 50.0, "z1": -46.120033264160156, "uv": [[0.19943667948246002, 0.39836254715919495], [0.19943667948246002, 0.5923296809196472], [0.33990660309791565, 0.4091539680957794], [0.33990660309791565, 0.5822447538375854], [0.5821450352668762, 0.3596401810646057], [0.5821450352668762, 0.6287899017333984], [0.8654727339744568, 0.30376574397087097], [0.8654727339744568, 0.6823529005050659]]}