{"z0": 50.0, "z1": -27.196958541870117, "uv": [[0.14878448843955994, 0.3032362461090088], [0.14878448843955994, 0.6158110499382019], [0.35682371258735657, 0.3079648017883301], [0.35682371258735657, 0.612472653388977], [0.6049192547798157, 0.272104412317276], [0.6049192547798157, 0.6389464139938354], [0.8874254822731018, 0.2639569342136383], [0.8874254822731018, 0.6453707218170166]]}