{"z0": 50.0, "z1": -58.06732940673828, "uv": [[0.16601607203483582, 0.3779253661632538], [0.16601607203483582, 0.6374263763427734], [0.3600267171859741, 0.39042049646377563], [0.3600267171859741, 0.623520016670227], [0.6084084510803223, 0.3697638213634491], [0.6084084510803223, 0.6464429497718811], [0.8618207573890686, 0.3469356298446655], [0.8618207573890686, 0.671363115310669]]}