{"z0": 50.0, "z1": -46.41078186035156, "uv": [[0.11877181380987167, 0.3110112249851227], [0.11877181380987167, 0.6762299537658691], [0.43188270926475525, 0.376312792301178], [0.43188270926475525, 0.613692581653595], [0.5726217031478882, 0.3781106173992157], [0.5726217031478882, 0.6119909882545471], [0.8731671571731567, 0.3173348009586334], [0.8731671571731567, 0.6701050996780396]]}