{"z0": 50.0, "z1": -70.91246032714844, "uv": [[0.12754543125629425, 0.2928110659122467], [0.12754543125629425, 0.7602757215499878], [0.4282107353210449, 0.36310139298439026], [0.4282107353210449, 0.6814390420913696], [0.6018995642662048, 0.3768313527107239], [0.6018995642662048, 0.6646145582199097], [0.8375012278556824, 0.3333866596221924], [0.8375012278556824, 0.7162536382675171]]}