{"z0": 50.0, "z1": -25.384504318237305, "uv": [[0.14770789444446564, 0.2361149936914444], [0.14770789444446564, 0.659237802028656], [0.3788917362689972, 0.2606952488422394], [0.3788917362689972, 0.6393347382545471], [0.615050196647644, 0.2560449540615082], [0.615050196647644, 0.6429633498191833], [0.8562441468238831, 0.2297322154045105], [0.8562441468238831, 0.6647173762321472]]}