{"z0": 50.0, "z1": -52.59352493286133, "uv": [[0.20242051780223846, 0.36416977643966675], [0.20242051780223846, 0.6400100588798523], [0.36873531341552734, 0.3932074308395386], [0.36873531341552734, 0.6099042296409607], [0.5671494007110596, 0.3612940311431885], [0.5671494007110596, 0.6429804563522339], [0.8492808938026428, 0.2644903063774109], [0.8492808938026428, 0.7415833473205566]]}