{"z0": 50.0, "z1": -75.00889587402344, "uv": [[0.0706518292427063, 0.40068596601486206], [0.0706518292427063, 0.6411601305007935], [0.447479784488678, 0.4249171018600464], [0.447479784488678, 0.6078064441680908], [0.5961595773696899, 0.43447524309158325], [0.5961595773696899, 0.5942594408988953], [0.8759384155273438, 0.4202965199947357], [0.8759384155273438, 0.6142803430557251]]}