{"z0": 50.0, "z1": -61.434974670410156, "uv": [[0.09183486551046371, 0.3330123722553253], [0.09183486551046371, 0.6947059035301208], [0.4485863149166107, 0.3976325988769531], [0.4485863149166107, 0.6215592622756958], [0.5968681573867798, 0.41082578897476196], [0.5968681573867798, 0.6060310006141663], [0.8489201664924622, 0.37742945551872253], [0.8489201664924622, 0.6449752449989319]]}