{"z0": 50.0, "z1": -54.43742370605469, "uv": [[0.10908069461584091, 0.37319380044937134], [0.10908069461584091, 0.6347590684890747], [0.3854871690273285, 0.36940833926200867], [0.3854871690273285, 0.6387671828269958], [0.6382254362106323, 0.38675397634506226], [0.6382254362106323, 0.6203522086143494], [0.8652687072753906, 0.3892390727996826], [0.8652687072753906, 0.617703914642334]]}