{"z0": 50.0, "z1": -58.903770446777344, "uv": [[0.14022226631641388, 0.3728208541870117], [0.14022226631641388, 0.6448701024055481], [0.4241526424884796, 0.4219883382320404], [0.4241526424884796, 0.5891063213348389], [0.6066736578941345, 0.43105533719062805], [0.6066736578941345, 0.578632116317749], [0.8266507983207703, 0.4040139317512512], [0.8266507983207703, 0.6097103357315063]]}