{"z0": 50.0, "z1": -60.6707763671875, "uv": [[0.16534899175167084, 0.37588104605674744], [0.16534899175167084, 0.6451616883277893], [0.3610919415950775, 0.38887277245521545], [0.3610919415950775, 0.6302992105484009], [0.6112759113311768, 0.3706419765949249], [0.6112759113311768, 0.6511030197143555], [0.858641505241394, 0.34857144951820374], [0.858641505241394, 0.6757847666740417]]}