{"z0": 50.0, "z1": -50.78243637084961, "uv": [[0.08628927916288376, 0.37585312128067017], [0.08628927916288376, 0.6239306330680847], [0.45153674483299255, 0.42607423663139343], [0.45153674483299255, 0.5730737447738647], [0.5812662243843079, 0.4322940707206726], [0.5812662243843079, 0.5667660236358643], [0.8668859601020813, 0.400303453207016], [0.8668859601020813, 0.5991889834403992]]}