{"z0": 50.0, "z1": -56.446678161621094, "uv": [[0.16466933488845825, 0.38902711868286133], [0.16466933488845825, 0.6219018697738647], [0.3444977402687073, 0.3930637538433075], [0.3444977402687073, 0.6174792051315308], [0.5521084666252136, 0.3312704861164093], [0.5521084666252136, 0.6840367317199707], [0.939634382724762, 0.31358084082603455], [0.939634382724762, 0.7025934457778931]]}