{"z0": 50.0, "z1": -81.00504302978516, "uv": [[0.14910483360290527, 0.3711555302143097], [0.14910483360290527, 0.6908959150314331], [0.4051748514175415, 0.4080398678779602], [0.4051748514175415, 0.6404672265052795], [0.637686014175415, 0.4273748993873596], [0.637686014175415, 0.6120935082435608], [0.8123355507850647, 0.41301995515823364], [0.8123355507850647, 0.6332787275314331]]}