{"z0": 50.0, "z1": -45.83015441894531, "uv": [[0.11457939445972443, 0.34722310304641724], [0.11457939445972443, 0.6398088335990906], [0.4167070686817169, 0.3811545968055725], [0.4167070686817169, 0.6078401803970337], [0.6343411207199097, 0.40735113620758057], [0.6343411207199097, 0.583418607711792], [0.8324059247970581, 0.39388081431388855], [0.8324059247970581, 0.5959512591362]]}