{"z0": 50.0, "z1": -53.218753814697266, "uv": [[0.1939074844121933, 0.4047609269618988], [0.1939074844121933, 0.5989736914634705], [0.31012412905693054, 0.40582436323165894], [0.31012412905693054, 0.5978543162345886], [0.5693241953849792, 0.29742488265037537], [0.5693241953849792, 0.7101790308952332], [0.923749566078186, 0.28576135635375977], [0.923749566078186, 0.7220147252082825]]}