{"z0": 50.0, "z1": -45.15835952758789, "uv": [[0.20785148441791534, 0.3475376069545746], [0.20785148441791534, 0.6377036571502686], [0.36278149485588074, 0.3767896890640259], [0.36278149485588074, 0.6104074120521545], [0.5922098159790039, 0.34722307324409485], [0.5922098159790039, 0.6379991769790649], [0.8196462988853455, 0.2748573124408722], [0.8196462988853455, 0.7073503136634827]]}