{"z0": 50.0, "z1": -62.50506591796875, "uv": [[0.07673215866088867, 0.37640291452407837], [0.07673215866088867, 0.6483578085899353], [0.4347078502178192, 0.3934731185436249], [0.4347078502178192, 0.6284016370773315], [0.5995156168937683, 0.4052731394767761], [0.5995156168937683, 0.6143984198570251], [0.88392174243927, 0.39392706751823425], [0.88392174243927, 0.6278659701347351]]}