{"z0": 50.0, "z1": -31.426830291748047, "uv": [[0.17332077026367188, 0.28063061833381653], [0.17332077026367188, 0.6503151059150696], [0.33773189783096313, 0.2873021960258484], [0.33773189783096313, 0.6448220014572144], [0.647685170173645, 0.2675809860229492], [0.647685170173645, 0.6613259315490723], [0.8382938504219055, 0.2587083876132965], [0.8382938504219055, 0.6690254807472229]]}