{"z0": 50.0, "z1": -38.500606536865234, "uv": [[0.18681158125400543, 0.39023667573928833], [0.18681158125400543, 0.5841245651245117], [0.33611780405044556, 0.39768069982528687], [0.33611780405044556, 0.5781364440917969], [0.5488094091415405, 0.3255220055580139], [0.5488094091415405, 0.6380650401115417], [0.9301228523254395, 0.2766249179840088], [0.9301228523254395, 0.6817821264266968]]}