{"z0": 50.0, "z1": -55.48206329345703, "uv": [[0.18727856874465942, 0.4076855182647705], [0.18727856874465942, 0.5997498035430908], [0.3685062527656555, 0.42584046721458435], [0.3685062527656555, 0.5799051523208618], [0.5764613747596741, 0.40485841035842896], [0.5764613747596741, 0.6028281450271606], [0.8613361716270447, 0.3513564467430115], [0.8613361716270447, 0.6603475213050842]]}