{"z0": 50.0, "z1": -59.763519287109375, "uv": [[0.11257732659578323, 0.39294731616973877], [0.11257732659578323, 0.6238980889320374], [0.3502645194530487, 0.37031111121177673], [0.3502645194530487, 0.6495242714881897], [0.6810511350631714, 0.40576913952827454], [0.6810511350631714, 0.6091720461845398], [0.8495410680770874, 0.4155382215976715], [0.8495410680770874, 0.5978598594665527]]}