{"z0": 50.0, "z1": -55.744239807128906, "uv": [[0.040066950023174286, 0.30229055881500244], [0.040066950023174286, 0.7123696804046631], [0.4765373468399048, 0.3763313889503479], [0.4765373468399048, 0.6342456936836243], [0.6543768644332886, 0.42683807015419006], [0.6543768644332886, 0.5791724324226379], [0.8073014616966248, 0.4177727699279785], [0.8073014616966248, 0.5891411304473877]]}