{"z0": 50.0, "z1": -58.173213958740234, "uv": [[0.18494614958763123, 0.4019152820110321], [0.18494614958763123, 0.6108115315437317], [0.374347060918808, 0.4232676327228546], [0.374347060918808, 0.5865875482559204], [0.5787204504013062, 0.4057331085205078], [0.5787204504013062, 0.6065019369125366], [0.8561385869979858, 0.352590411901474], [0.8561385869979858, 0.6654833555221558]]}