{"z0": 50.0, "z1": -67.967041015625, "uv": [[0.09148070961236954, 0.37752217054367065], [0.09148070961236954, 0.6580137610435486], [0.35182809829711914, 0.329790323972702], [0.35182809829711914, 0.7137026190757751], [0.6471629738807678, 0.3297525942325592], [0.6471629738807678, 0.7137447595596313], [0.9075735807418823, 0.3775082528591156], [0.9075735807418823, 0.6580306887626648]]}