{"z0": 50.0, "z1": -34.037689208984375, "uv": [[0.17876307666301727, 0.29873761534690857], [0.17876307666301727, 0.6454670429229736], [0.3284207582473755, 0.3026687502861023], [0.3284207582473755, 0.6421926617622375], [0.6540212631225586, 0.27631521224975586], [0.6540212631225586, 0.6646481156349182], [0.8358121514320374, 0.27047738432884216], [0.8358121514320374, 0.6697917580604553]]}