{"z0": 50.0, "z1": -45.702449798583984, "uv": [[0.20120874047279358, 0.36273738741874695], [0.20120874047279358, 0.6248239278793335], [0.3988140821456909, 0.41129621863365173], [0.3988140821456909, 0.579541802406311], [0.567494809627533, 0.40068119764328003], [0.567494809627533, 0.5893789529800415], [0.8238754868507385, 0.30723413825035095], [0.8238754868507385, 0.6776828169822693]]}