{"z0": 50.0, "z1": -25.6683349609375, "uv": [[0.1498323529958725, 0.23123307526111603], [0.1498323529958725, 0.664940595626831], [0.3781980276107788, 0.25662684440612793], [0.3781980276107788, 0.6438986659049988], [0.6182644963264465, 0.2542228400707245], [0.6182644963264465, 0.6458073854446411], [0.8516402244567871, 0.22792673110961914], [0.8516402244567871, 0.6678327322006226]]}