{"z0": 50.0, "z1": -55.4485969543457, "uv": [[0.10883653908967972, 0.377116858959198], [0.10883653908967972, 0.6327673196792603], [0.38686665892601013, 0.37434446811676025], [0.38686665892601013, 0.6357442140579224], [0.6331341862678528, 0.3881843388080597], [0.6331341862678528, 0.6208441853523254], [0.8692488074302673, 0.3901446759700775], [0.8692488074302673, 0.6187259554862976]]}