{"z0": 50.0, "z1": -31.196590423583984, "uv": [[0.2206195592880249, 0.3808523416519165], [0.2206195592880249, 0.5748703479766846], [0.35304710268974304, 0.40189844369888306], [0.35304710268974304, 0.560789167881012], [0.6020811200141907, 0.37360337376594543], [0.6020811200141907, 0.5798142552375793], [0.7989384531974792, 0.3135646879673004], [0.7989384531974792, 0.6231861114501953]]}