{"z0": 50.0, "z1": -52.761810302734375, "uv": [[0.1022953987121582, 0.35983482003211975], [0.1022953987121582, 0.6448899507522583], [0.3770739436149597, 0.34134384989738464], [0.3770739436149597, 0.6639642715454102], [0.6300216913223267, 0.34812626242637634], [0.6300216913223267, 0.6569793820381165], [0.8888668417930603, 0.3645595610141754], [0.8888668417930603, 0.6400006413459778]]}