{"z0": 50.0, "z1": -79.36991882324219, "uv": [[0.14514851570129395, 0.4090540409088135], [0.14514851570129395, 0.6365261077880859], [0.36415010690689087, 0.4134804308414459], [0.36415010690689087, 0.6302108764648438], [0.6263793706893921, 0.4086640477180481], [0.6263793706893921, 0.6370794177055359], [0.8622121214866638, 0.4033983051776886], [0.8622121214866638, 0.6445024013519287]]}