{"z0": 50.0, "z1": -60.82014465332031, "uv": [[0.06633474677801132, 0.3750799298286438], [0.06633474677801132, 0.6463847160339355], [0.44263359904289246, 0.3912526071071625], [0.44263359904289246, 0.6278404593467712], [0.598596453666687, 0.4046872556209564], [0.598596453666687, 0.6122288703918457], [0.8866415619850159, 0.39441126585006714], [0.8866415619850159, 0.6241861581802368]]}