{"z0": 50.0, "z1": -44.31599426269531, "uv": [[0.17002487182617188, 0.27913686633110046], [0.17002487182617188, 0.7003016471862793], [0.4402761161327362, 0.3940020203590393], [0.4402761161327362, 0.5928244590759277], [0.5527936816215515, 0.3926478326320648], [0.5527936816215515, 0.5940527319908142], [0.8369453549385071, 0.26553815603256226], [0.8369453549385071, 0.7135695219039917]]}