{"z0": 50.0, "z1": -57.965476989746094, "uv": [[0.14442980289459229, 0.3495893180370331], [0.14442980289459229, 0.6682454347610474], [0.35481899976730347, 0.3497307002544403], [0.35481899976730347, 0.6680923104286194], [0.6762593388557434, 0.38725215196609497], [0.6762593388557434, 0.6268563270568848], [0.8225792050361633, 0.3871929943561554], [0.8225792050361633, 0.6269222497940063]]}