{"z0": 50.0, "z1": -64.46507263183594, "uv": [[0.13638091087341309, 0.38122355937957764], [0.13638091087341309, 0.6466554403305054], [0.4210655391216278, 0.4233753979206085], [0.4210655391216278, 0.5953800082206726], [0.6172063946723938, 0.43522873520851135], [0.6172063946723938, 0.5805616974830627], [0.8241865634918213, 0.4154190123081207], [0.8241865634918213, 0.6052378416061401]]}