{"z0": 50.0, "z1": -49.12047576904297, "uv": [[0.15450212359428406, 0.32335028052330017], [0.15450212359428406, 0.6721846461296082], [0.40123069286346436, 0.3694739043712616], [0.40123069286346436, 0.6265319585800171], [0.6205754280090332, 0.38260239362716675], [0.6205754280090332, 0.6135702133178711], [0.8242150545120239, 0.35260236263275146], [0.8242150545120239, 0.6432094573974609]]}