{"z0": 50.0, "z1": -45.96524429321289, "uv": [[0.17468394339084625, 0.2704312205314636], [0.17468394339084625, 0.7144354581832886], [0.44209447503089905, 0.3929988145828247], [0.44209447503089905, 0.5970439314842224], [0.5539265871047974, 0.39231687784194946], [0.5539265871047974, 0.59768146276474], [0.8281568288803101, 0.2631815969944], [0.8281568288803101, 0.7215924859046936]]}