{"z0": 50.0, "z1": -65.20092010498047, "uv": [[0.13335499167442322, 0.2837560474872589], [0.13335499167442322, 0.7562571167945862], [0.42850223183631897, 0.36056700348854065], [0.42850223183631897, 0.6724258661270142], [0.5887584090232849, 0.3680979609489441], [0.5887584090232849, 0.6636428236961365], [0.8447090983390808, 0.309418261051178], [0.8447090983390808, 0.7294222116470337]]}