{"z0": 50.0, "z1": -26.87594985961914, "uv": [[0.18119440972805023, 0.2801285684108734], [0.18119440972805023, 0.6313755512237549], [0.37293994426727295, 0.31666162610054016], [0.37293994426727295, 0.6052652597427368], [0.5832802057266235, 0.28488609194755554], [0.5832802057266235, 0.6278173327445984], [0.8572407960891724, 0.21551722288131714], [0.8572407960891724, 0.6857165694236755]]}