{"z0": 50.0, "z1": -56.191688537597656, "uv": [[0.10339628905057907, 0.36175820231437683], [0.10339628905057907, 0.6509290933609009], [0.3784652650356293, 0.34583422541618347], [0.3784652650356293, 0.6679553985595703], [0.6317930221557617, 0.3550598919391632], [0.6317930221557617, 0.658111572265625], [0.8846055865287781, 0.36850622296333313], [0.8846055865287781, 0.6436641216278076]]}