{"z0": 50.0, "z1": -57.44994354248047, "uv": [[0.14554695785045624, 0.3467912971973419], [0.14554695785045624, 0.6700195074081421], [0.35551804304122925, 0.34808143973350525], [0.35551804304122925, 0.6686305999755859], [0.6663825511932373, 0.37397056818008423], [0.6663825511932373, 0.6404771208763123], [0.8308303356170654, 0.3732413351535797], [0.8308303356170654, 0.6412772536277771]]}