{"z0": 50.0, "z1": -68.56166076660156, "uv": [[0.14370594918727875, 0.35035407543182373], [0.14370594918727875, 0.6915946006774902], [0.369141548871994, 0.35967111587524414], [0.369141548871994, 0.6806585788726807], [0.629136323928833, 0.35906046628952026], [0.629136323928833, 0.681381106376648], [0.8560437560081482, 0.3496112823486328], [0.8560437560081482, 0.6924583315849304]]}