{"z0": 50.0, "z1": -26.833736419677734, "uv": [[0.18064014613628387, 0.2785826325416565], [0.18064014613628387, 0.6323569416999817], [0.3730471134185791, 0.31508734822273254], [0.3730471134185791, 0.6061810851097107], [0.5826413035392761, 0.2829491198062897], [0.5826413035392761, 0.6290772557258606], [0.858571469783783, 0.2135532945394516], [0.858571469783783, 0.6873433589935303]]}