{"z0": 50.0, "z1": -48.32383728027344, "uv": [[0.19089463353157043, 0.39793047308921814], [0.19089463353157043, 0.5969405174255371], [0.3053746223449707, 0.3973143994808197], [0.3053746223449707, 0.5975397825241089], [0.5673860311508179, 0.27001550793647766], [0.5673860311508179, 0.7226647138595581], [0.9347320199012756, 0.27692463994026184], [0.9347320199012756, 0.7157953977584839]]}