{"z0": 50.0, "z1": -42.62944793701172, "uv": [[0.19885142147541046, 0.38847658038139343], [0.19885142147541046, 0.5943043828010559], [0.3256836533546448, 0.3951900601387024], [0.3256836533546448, 0.5884045958518982], [0.5706503987312317, 0.31280243396759033], [0.5706503987312317, 0.6626631021499634], [0.8966140747070312, 0.2617341876029968], [0.8966140747070312, 0.7112764120101929]]}