{"z0": 50.0, "z1": -42.453880310058594, "uv": [[0.13630065321922302, 0.38994982838630676], [0.13630065321922302, 0.5926427245140076], [0.3601161539554596, 0.3885437846183777], [0.3601161539554596, 0.5938758850097656], [0.6245285272598267, 0.37807029485702515], [0.6245285272598267, 0.6030941605567932], [0.8771368861198425, 0.3799091875553131], [0.8771368861198425, 0.6014714241027832]]}