{"z0": 50.0, "z1": -45.16472625732422, "uv": [[0.19604018330574036, 0.3930187523365021], [0.19604018330574036, 0.5954217910766602], [0.34303775429725647, 0.4048122763633728], [0.34303775429725647, 0.5845775604248047], [0.5849174857139587, 0.358465313911438], [0.5849174857139587, 0.627480149269104], [0.8644816279411316, 0.30597352981567383], [0.8644816279411316, 0.6772003173828125]]}