{"z0": 50.0, "z1": -47.29303741455078, "uv": [[0.17178747057914734, 0.27253657579421997], [0.17178747057914734, 0.7167884111404419], [0.360658198595047, 0.2946467995643616], [0.360658198595047, 0.6949734687805176], [0.6847149133682251, 0.3616505563259125], [0.6847149133682251, 0.6297870874404907], [0.7919137477874756, 0.35558608174324036], [0.7919137477874756, 0.635635495185852]]}