{"z0": 50.0, "z1": -44.93935012817383, "uv": [[0.17572568356990814, 0.39296963810920715], [0.17572568356990814, 0.5950145125389099], [0.3031606376171112, 0.38758182525634766], [0.3031606376171112, 0.5999637842178345], [0.5728126168251038, 0.2507844567298889], [0.5728126168251038, 0.7303223013877869], [0.9462411403656006, 0.29810386896133423], [0.9462411403656006, 0.6840468049049377]]}