{"z0": 50.0, "z1": -35.1468505859375, "uv": [[0.0879974216222763, 0.2917447090148926], [0.0879974216222763, 0.6555655598640442], [0.38704511523246765, 0.2592802941799164], [0.38704511523246765, 0.6845027804374695], [0.6913231611251831, 0.3668886125087738], [0.6913231611251831, 0.5946515798568726], [0.8265772461891174, 0.37308716773986816], [0.8265772461891174, 0.5899222493171692]]}