{"z0": 50.0, "z1": -45.50851058959961, "uv": [[0.15498660504817963, 0.3435654044151306], [0.15498660504817963, 0.6424005031585693], [0.4011974334716797, 0.38585248589515686], [0.4011974334716797, 0.6027636528015137], [0.5451482534408569, 0.36791086196899414], [0.5451482534408569, 0.6194966435432434], [0.9118003249168396, 0.28253310918807983], [0.9118003249168396, 0.7010276317596436]]}