{"z0": 50.0, "z1": -48.39126205444336, "uv": [[0.11569441109895706, 0.2579829692840576], [0.11569441109895706, 0.7348728775978088], [0.44811245799064636, 0.3644666373729706], [0.44811245799064636, 0.629727840423584], [0.6123767495155334, 0.3890289068222046], [0.6123767495155334, 0.6057420372962952], [0.8149257898330688, 0.3497138023376465], [0.8149257898330688, 0.6441763043403625]]}