{"z0": 50.0, "z1": -31.55176544189453, "uv": [[0.16758204996585846, 0.2940528094768524], [0.16758204996585846, 0.6398406028747559], [0.3541114330291748, 0.30832844972610474], [0.3541114330291748, 0.6285216212272644], [0.6050328016281128, 0.26915687322616577], [0.6050328016281128, 0.6605125665664673], [0.8694773316383362, 0.24224987626075745], [0.8694773316383362, 0.6843795776367188]]}