{"z0": 50.0, "z1": -58.8684196472168, "uv": [[0.08628875017166138, 0.3709404766559601], [0.08628875017166138, 0.6468860507011414], [0.40270087122917175, 0.3594397306442261], [0.40270087122917175, 0.6596078276634216], [0.6377871036529541, 0.38649535179138184], [0.6377871036529541, 0.6294878721237183], [0.8721604347229004, 0.3927798271179199], [0.8721604347229004, 0.6223995685577393]]}