{"z0": 50.0, "z1": -58.592552185058594, "uv": [[0.11578625440597534, 0.38923895359039307], [0.11578625440597534, 0.6258618235588074], [0.35185375809669495, 0.3695295453071594], [0.35185375809669495, 0.6478510499000549], [0.67893385887146, 0.4038328230381012], [0.67893385887146, 0.609376847743988], [0.8475186824798584, 0.41253095865249634], [0.8475186824798584, 0.5994769334793091]]}