{"z0": 50.0, "z1": -74.58564758300781, "uv": [[0.15032072365283966, 0.36404961347579956], [0.15032072365283966, 0.6876667141914368], [0.40553346276283264, 0.4034756124019623], [0.40553346276283264, 0.6367114186286926], [0.6460248231887817, 0.4284035861492157], [0.6460248231887817, 0.6023429036140442], [0.8054121136665344, 0.41623976826667786], [0.8054121136665344, 0.6193028092384338]]}