{"z0": 50.0, "z1": -64.9829330444336, "uv": [[0.14735047519207, 0.33041951060295105], [0.14735047519207, 0.7060736417770386], [0.4199383556842804, 0.39173221588134766], [0.4199383556842804, 0.6350618004798889], [0.5590957403182983, 0.3857567608356476], [0.5590957403182983, 0.6422561407089233], [0.8775758147239685, 0.303627073764801], [0.8775758147239685, 0.7350487112998962]]}