{"z0": 50.0, "z1": -52.64436721801758, "uv": [[0.1835496723651886, 0.39288294315338135], [0.1835496723651886, 0.6103406548500061], [0.332851380109787, 0.39821895956993103], [0.332851380109787, 0.6047840118408203], [0.5500586628913879, 0.321763277053833], [0.5500586628913879, 0.6837256550788879], [0.9346856474876404, 0.28623488545417786], [0.9346856474876404, 0.7198355197906494]]}