{"z0": 50.0, "z1": -61.21120071411133, "uv": [[0.14851324260234833, 0.3269137740135193], [0.14851324260234833, 0.7007781267166138], [0.4223998188972473, 0.39263856410980225], [0.4223998188972473, 0.6269711852073669], [0.5565229058265686, 0.3869209885597229], [0.5565229058265686, 0.6335965394973755], [0.8772532343864441, 0.29865413904190063], [0.8772532343864441, 0.730806291103363]]}