{"z0": 50.0, "z1": -47.13899230957031, "uv": [[0.11569169908761978, 0.25275272130966187], [0.11569169908761978, 0.7359308004379272], [0.45096802711486816, 0.3671097457408905], [0.45096802711486816, 0.6241621971130371], [0.6128343939781189, 0.3921026587486267], [0.6128343939781189, 0.6002412438392639], [0.8111162185668945, 0.3527607321739197], [0.8111162185668945, 0.6379651427268982]]}