{"z0": 50.0, "z1": -53.16851806640625, "uv": [[0.18907853960990906, 0.39505597949028015], [0.18907853960990906, 0.6090801954269409], [0.30942225456237793, 0.3949297368526459], [0.30942225456237793, 0.6092126369476318], [0.5647986531257629, 0.27548304200172424], [0.5647986531257629, 0.7322512865066528], [0.9347801804542542, 0.2767476439476013], [0.9347801804542542, 0.7309758067131042]]}