{"z0": 50.0, "z1": -39.89090347290039, "uv": [[0.13580936193466187, 0.38401126861572266], [0.13580936193466187, 0.5922363996505737], [0.36554768681526184, 0.3853631615638733], [0.36554768681526184, 0.5911070704460144], [0.6224607825279236, 0.3776150643825531], [0.6224607825279236, 0.5975959897041321], [0.8742101788520813, 0.37596261501312256], [0.8742101788520813, 0.5989852547645569]]}