{"z0": 50.0, "z1": -49.62784194946289, "uv": [[0.1863243281841278, 0.3958081603050232], [0.1863243281841278, 0.60152268409729], [0.32552677392959595, 0.39937856793403625], [0.32552677392959595, 0.597973644733429], [0.5554258227348328, 0.3130708336830139], [0.5554258227348328, 0.6838836073875427], [0.9318875670433044, 0.2858084738254547], [0.9318875670433044, 0.7110819816589355]]}