{"z0": 50.0, "z1": -47.882293701171875, "uv": [[0.0976308137178421, 0.37603163719177246], [0.0976308137178421, 0.6172810792922974], [0.376319020986557, 0.3535151183605194], [0.376319020986557, 0.6391483545303345], [0.6481537222862244, 0.3754308819770813], [0.6481537222862244, 0.6178632974624634], [0.8761136531829834, 0.39012420177459717], [0.8761136531829834, 0.6036417484283447]]}