{"z0": 50.0, "z1": -60.45790100097656, "uv": [[0.09214378893375397, 0.3697250187397003], [0.09214378893375397, 0.6516812443733215], [0.39902105927467346, 0.3612992465496063], [0.39902105927467346, 0.6611440777778625], [0.6406269669532776, 0.38857337832450867], [0.6406269669532776, 0.6302325129508972], [0.8666907548904419, 0.3930584788322449], [0.8666907548904419, 0.6250743269920349]]}