{"z0": 50.0, "z1": -49.593902587890625, "uv": [[0.08583478629589081, 0.37522679567337036], [0.08583478629589081, 0.6219119429588318], [0.4524252712726593, 0.42662110924720764], [0.4524252712726593, 0.570857584476471], [0.5817884206771851, 0.4330269396305084], [0.5817884206771851, 0.5644989609718323], [0.8652199506759644, 0.40101832151412964], [0.8652199506759644, 0.5962813496589661]]}