{"z0": 50.0, "z1": -71.24200439453125, "uv": [[0.08941581100225449, 0.3847479522228241], [0.08941581100225449, 0.6553199887275696], [0.353220671415329, 0.3371647894382477], [0.353220671415329, 0.71266770362854], [0.6465490460395813, 0.3379996418952942], [0.6465490460395813, 0.7117106914520264], [0.9089055061340332, 0.38504183292388916], [0.9089055061340332, 0.6549484133720398]]}