{"z0": 50.0, "z1": -44.43476867675781, "uv": [[0.20173266530036926, 0.36680638790130615], [0.20173266530036926, 0.6179256439208984], [0.3980658948421478, 0.41367343068122864], [0.3980658948421478, 0.5752536654472351], [0.5660351514816284, 0.40262678265571594], [0.5660351514816284, 0.5852373838424683], [0.8253424763679504, 0.30806443095207214], [0.8253424763679504, 0.6728819608688354]]}