{"z0": 50.0, "z1": -46.95026397705078, "uv": [[0.15159711241722107, 0.3310883641242981], [0.15159711241722107, 0.6583825349807739], [0.3955819606781006, 0.36881786584854126], [0.3955819606781006, 0.6220760345458984], [0.6219348907470703, 0.38006827235221863], [0.6219348907470703, 0.6113267540931702], [0.8305649757385254, 0.35342633724212646], [0.8305649757385254, 0.6368367075920105]]}