{"z0": 50.0, "z1": -42.054256439208984, "uv": [[0.20157912373542786, 0.39169707894325256], [0.20157912373542786, 0.5902917385101318], [0.3260396420955658, 0.3988679051399231], [0.3260396420955658, 0.5840739011764526], [0.5696483254432678, 0.31861183047294617], [0.5696483254432678, 0.6554676294326782], [0.8928962349891663, 0.2611795663833618], [0.8928962349891663, 0.7097175121307373]]}