{"z0": 50.0, "z1": -32.79285430908203, "uv": [[0.059948209673166275, 0.3580670654773712], [0.059948209673166275, 0.5950091481208801], [0.40418779850006104, 0.3001221716403961], [0.40418779850006104, 0.6396726369857788], [0.633560061454773, 0.3313858211040497], [0.633560061454773, 0.6149868965148926], [0.9071903824806213, 0.37054121494293213], [0.9071903824806213, 0.5859571099281311]]}