{"z0": 50.0, "z1": -77.5791015625, "uv": [[0.07149946689605713, 0.4031354784965515], [0.07149946689605713, 0.6420088410377502], [0.44456279277801514, 0.423868328332901], [0.44456279277801514, 0.612749457359314], [0.5980949997901917, 0.43369060754776], [0.5980949997901917, 0.5984731316566467], [0.8774846196174622, 0.421410471200943], [0.8774846196174622, 0.6162821650505066]]}