{"z0": 50.0, "z1": -39.629852294921875, "uv": [[0.12420446425676346, 0.11161600053310394], [0.12420446425676346, 0.8602480888366699], [0.4837908148765564, 0.3838670253753662], [0.4837908148765564, 0.5917802453041077], [0.5941197872161865, 0.40187299251556396], [0.5941197872161865, 0.5769152045249939], [0.7727665901184082, 0.33736684918403625], [0.7727665901184082, 0.6312639117240906]]}