{"z0": 50.0, "z1": -70.13408660888672, "uv": [[0.19130057096481323, 0.3552408218383789], [0.19130057096481323, 0.6892253756523132], [0.38106364011764526, 0.39130961894989014], [0.38106364011764526, 0.644984781742096], [0.5920812487602234, 0.3779726028442383], [0.5920812487602234, 0.6616924405097961], [0.827869713306427, 0.3175322115421295], [0.827869713306427, 0.7321826815605164]]}