{"z0": 50.0, "z1": -44.90314483642578, "uv": [[0.09674407541751862, 0.37585780024528503], [0.09674407541751862, 0.6106880903244019], [0.37653034925460815, 0.3524898290634155], [0.37653034925460815, 0.6323848962783813], [0.6507729887962341, 0.3771856725215912], [0.6507729887962341, 0.6094621419906616], [0.8740904927253723, 0.3916224241256714], [0.8740904927253723, 0.5961775779724121]]}