{"z0": 50.0, "z1": -32.43876266479492, "uv": [[0.21785567700862885, 0.3746453821659088], [0.21785567700862885, 0.5821483731269836], [0.36270782351493835, 0.40092313289642334], [0.36270782351493835, 0.5638517141342163], [0.5972358584403992, 0.37829142808914185], [0.5972358584403992, 0.5795724391937256], [0.8005067110061646, 0.3140850365161896], [0.8005067110061646, 0.6272085905075073]]}