{"z0": 50.0, "z1": -40.51405715942383, "uv": [[0.1495238095521927, 0.330594003200531], [0.1495238095521927, 0.6398704051971436], [0.4312506318092346, 0.40608254075050354], [0.4312506318092346, 0.5750669240951538], [0.6374490261077881, 0.43193039298057556], [0.6374490261077881, 0.5536642074584961], [0.7932778000831604, 0.4150317311286926], [0.7932778000831604, 0.5676229596138]]}