{"z0": 50.0, "z1": -36.275978088378906, "uv": [[0.16112776100635529, 0.32598769664764404], [0.16112776100635529, 0.6305551528930664], [0.4287334978580475, 0.40451011061668396], [0.4287334978580475, 0.568556010723114], [0.6465011239051819, 0.4348537027835846], [0.6465011239051819, 0.5458795428276062], [0.7845065593719482, 0.4210397005081177], [0.7845065593719482, 0.5561409592628479]]}