{"z0": 50.0, "z1": -54.33967590332031, "uv": [[0.13941314816474915, 0.34489572048187256], [0.13941314816474915, 0.6643186807632446], [0.39706310629844666, 0.3751988708972931], [0.39706310629844666, 0.6324208974838257], [0.614514172077179, 0.3822121024131775], [0.614514172077179, 0.624982476234436], [0.8472371697425842, 0.35785260796546936], [0.8472371697425842, 0.6507300734519958]]}