{"z0": 50.0, "z1": -43.49175262451172, "uv": [[0.1778804510831833, 0.39322012662887573], [0.1778804510831833, 0.5918745994567871], [0.30103838443756104, 0.3880557715892792], [0.30103838443756104, 0.5964921116828918], [0.5721750855445862, 0.24501866102218628], [0.5721750855445862, 0.730873703956604], [0.9471892714500427, 0.29398536682128906], [0.9471892714500427, 0.6832162737846375]]}