{"z0": 50.0, "z1": -47.849327087402344, "uv": [[0.12106679379940033, 0.31399616599082947], [0.12106679379940033, 0.6776857972145081], [0.42991212010383606, 0.37727585434913635], [0.42991212010383606, 0.6160020232200623], [0.5741207599639893, 0.3789554834365845], [0.5741207599639893, 0.6143758296966553], [0.8715916275978088, 0.3197733163833618], [0.8715916275978088, 0.6720172166824341]]}