{"z0": 50.0, "z1": -58.10819625854492, "uv": [[0.10584082454442978, 0.31260836124420166], [0.10584082454442978, 0.7080547213554382], [0.4503757357597351, 0.39890795946121216], [0.4503757357597351, 0.6140812635421753], [0.5963490605354309, 0.4120675027370453], [0.5963490605354309, 0.5992252230644226], [0.8331801295280457, 0.3713756501674652], [0.8331801295280457, 0.6447553038597107]]}