{"z0": 50.0, "z1": -56.89693069458008, "uv": [[0.04145321995019913, 0.30623725056648254], [0.04145321995019913, 0.7114555239677429], [0.4751017093658447, 0.37622717022895813], [0.4751017093658447, 0.6368224620819092], [0.6510153412818909, 0.42452937364578247], [0.6510153412818909, 0.5833459496498108], [0.8111752271652222, 0.41478872299194336], [0.8111752271652222, 0.5942345261573792]]}