{"z0": 50.0, "z1": -56.89583206176758, "uv": [[0.15344968438148499, 0.3283705413341522], [0.15344968438148499, 0.6882637739181519], [0.36356714367866516, 0.3403927981853485], [0.36356714367866516, 0.6755035519599915], [0.6342775821685791, 0.3392624855041504], [0.6342775821685791, 0.6767081022262573], [0.8466877341270447, 0.326958566904068], [0.8466877341270447, 0.6897549033164978]]}