{"z0": 50.0, "z1": -68.50875854492188, "uv": [[0.18859829008579254, 0.34724605083465576], [0.18859829008579254, 0.6950845718383789], [0.38451075553894043, 0.38670632243156433], [0.38451075553894043, 0.647773802280426], [0.5907585024833679, 0.3745025098323822], [0.5907585024833679, 0.6627574563026428], [0.8295063972473145, 0.311927855014801], [0.8295063972473145, 0.7345582246780396]]}