{"z0": 50.0, "z1": -45.26810836791992, "uv": [[0.11498341709375381, 0.34580177068710327], [0.11498341709375381, 0.6396335363388062], [0.4143977463245392, 0.3775729238986969], [0.4143977463245392, 0.609929084777832], [0.6383548974990845, 0.40629494190216064], [0.6383548974990845, 0.5834011435508728], [0.8308513164520264, 0.3942767381668091], [0.8308513164520264, 0.5944681167602539]]}