{"z0": 50.0, "z1": -59.216583251953125, "uv": [[0.16423693299293518, 0.39063429832458496], [0.16423693299293518, 0.6254915595054626], [0.3452047109603882, 0.3947591781616211], [0.3452047109603882, 0.620809018611908], [0.5543165802955627, 0.3352186977863312], [0.5543165802955627, 0.6868468523025513], [0.9369915127754211, 0.31754419207572937], [0.9369915127754211, 0.7057510018348694]]}