{"z0": 50.0, "z1": -36.625606536865234, "uv": [[0.1100645661354065, 0.11527004092931747], [0.1100645661354065, 0.8458940386772156], [0.48530474305152893, 0.3878343403339386], [0.48530474305152893, 0.582020103931427], [0.5911864638328552, 0.4042983949184418], [0.5911864638328552, 0.5693662762641907], [0.775600790977478, 0.3376166820526123], [0.775600790977478, 0.6220389008522034]]}