{"z0": 50.0, "z1": -46.57164001464844, "uv": [[0.1215653121471405, 0.30693888664245605], [0.1215653121471405, 0.6806831955909729], [0.4201216697692871, 0.3578265607357025], [0.4201216697692871, 0.6316536068916321], [0.609037458896637, 0.37300941348075867], [0.609037458896637, 0.6171935200691223], [0.8453714847564697, 0.34086042642593384], [0.8453714847564697, 0.6478984355926514]]}