{"z0": 50.0, "z1": -62.93128204345703, "uv": [[0.12249450385570526, 0.3245421350002289], [0.12249450385570526, 0.707585334777832], [0.42010006308555603, 0.3728564977645874], [0.42010006308555603, 0.6533467769622803], [0.6227829456329346, 0.39451125264167786], [0.6227829456329346, 0.6279579401016235], [0.8321112394332886, 0.37165623903274536], [0.8321112394332886, 0.6547353863716125]]}