{"z0": 50.0, "z1": -57.72254943847656, "uv": [[0.19227546453475952, 0.4050920009613037], [0.19227546453475952, 0.6064504981040955], [0.3120502531528473, 0.4062516391277313], [0.3120502531528473, 0.6051479578018188], [0.5701184868812561, 0.3030007481575012], [0.5701184868812561, 0.7170563340187073], [0.9227036237716675, 0.2911389172077179], [0.9227036237716675, 0.7293168306350708]]}