{"z0": 50.0, "z1": -34.624977111816406, "uv": [[0.08829251676797867, 0.2906428575515747], [0.08829251676797867, 0.6545361876487732], [0.38593143224716187, 0.2573205828666687], [0.38593143224716187, 0.6841190457344055], [0.6896513104438782, 0.36147794127464294], [0.6896513104438782, 0.5974220633506775], [0.8293049931526184, 0.3684665858745575], [0.8293049931526184, 0.5921213030815125]]}