{"z0": 50.0, "z1": -25.63280487060547, "uv": [[0.12386872619390488, 0.28898388147354126], [0.12386872619390488, 0.6195269227027893], [0.3871613144874573, 0.30150023102760315], [0.3871613144874573, 0.61081862449646], [0.6050489544868469, 0.2962088882923126], [0.6050489544868469, 0.6144601702690125], [0.8820997476577759, 0.28256264328956604], [0.8820997476577759, 0.6241262555122375]]}