{"z0": 50.0, "z1": -42.400875091552734, "uv": [[0.15982723236083984, 0.33667871356010437], [0.15982723236083984, 0.640013575553894], [0.397346168756485, 0.37895411252975464], [0.397346168756485, 0.6021938920021057], [0.5498977303504944, 0.3591550290584564], [0.5498977303504944, 0.6197631359100342], [0.9029980301856995, 0.27284276485443115], [0.9029980301856995, 0.6996870040893555]]}