{"z0": 50.0, "z1": -25.549583435058594, "uv": [[0.13085803389549255, 0.2936904728412628], [0.13085803389549255, 0.615866482257843], [0.38179105520248413, 0.30670541524887085], [0.38179105520248413, 0.6069657206535339], [0.6141713261604309, 0.30413588881492615], [0.6141713261604309, 0.6086962223052979], [0.8712397217750549, 0.29054340720176697], [0.8712397217750549, 0.6180713176727295]]}