{"z0": 50.0, "z1": -47.87846755981445, "uv": [[0.16872255504131317, 0.26803043484687805], [0.16872255504131317, 0.7231848835945129], [0.3683263957500458, 0.2951720356941223], [0.3683263957500458, 0.6963050961494446], [0.6807925701141357, 0.3619943857192993], [0.6807925701141357, 0.6308927536010742], [0.7925240397453308, 0.35469937324523926], [0.7925240397453308, 0.6379860639572144]]}