{"z0": 50.0, "z1": -32.801448822021484, "uv": [[0.06234785541892052, 0.3570071756839752], [0.06234785541892052, 0.5958099961280823], [0.4022652506828308, 0.30176904797554016], [0.4022652506828308, 0.6383652091026306], [0.6375609636306763, 0.33570435643196106], [0.6375609636306763, 0.6117181777954102], [0.9021592140197754, 0.37131109833717346], [0.9021592140197754, 0.5854253768920898]]}