{"z0": 50.0, "z1": -53.16120529174805, "uv": [[0.17329378426074982, 0.37600594758987427], [0.17329378426074982, 0.6290032863616943], [0.3317081332206726, 0.3782576322555542], [0.3317081332206726, 0.6266520619392395], [0.5685535669326782, 0.29775506258010864], [0.5685535669326782, 0.709676206111908], [0.9248757362365723, 0.2866334617137909], [0.9248757362365723, 0.7209620475769043]]}