{"z0": 50.0, "z1": -33.28901290893555, "uv": [[0.13731685280799866, 0.44243353605270386], [0.13731685280799866, 0.5369217991828918], [0.29631006717681885, 0.4283396601676941], [0.29631006717681885, 0.5465167760848999], [0.6887983679771423, 0.409170538187027], [0.6887983679771423, 0.5597397685050964], [0.8839995861053467, 0.43392717838287354], [0.8839995861053467, 0.5427014827728271]]}