{"z0": 50.0, "z1": -55.397926330566406, "uv": [[0.16179119050502777, 0.34972870349884033], [0.16179119050502777, 0.6618666648864746], [0.4208047688007355, 0.4114396870136261], [0.4208047688007355, 0.5955191850662231], [0.5536531209945679, 0.40556100010871887], [0.5536531209945679, 0.6019178032875061], [0.8692945241928101, 0.31301149725914], [0.8692945241928101, 0.7003326416015625]]}