{"z0": 50.0, "z1": -67.17848205566406, "uv": [[0.18641842901706696, 0.4210175573825836], [0.18641842901706696, 0.6022067070007324], [0.3722103238105774, 0.43788808584213257], [0.3722103238105774, 0.580369770526886], [0.6613188982009888, 0.45261168479919434], [0.6613188982009888, 0.5610301494598389], [0.7909817695617676, 0.44639459252357483], [0.7909817695617676, 0.5692245960235596]]}