{"z0": 50.0, "z1": -55.10374069213867, "uv": [[0.20368339121341705, 0.42349380254745483], [0.20368339121341705, 0.5819336175918579], [0.30676954984664917, 0.4252290725708008], [0.30676954984664917, 0.5800431370735168], [0.5327426195144653, 0.3142162561416626], [0.5327426195144653, 0.6982784271240234], [0.9576771259307861, 0.2799575626850128], [0.9576771259307861, 0.7333868741989136]]}