{"z0": 50.0, "z1": -61.368289947509766, "uv": [[0.06733211874961853, 0.40208038687705994], [0.06733211874961853, 0.616227924823761], [0.4072742164134979, 0.3734133243560791], [0.4072742164134979, 0.6494336724281311], [0.669519305229187, 0.42411789298057556], [0.669519305229187, 0.5901238322257996], [0.8561769127845764, 0.4317891299724579], [0.8561769127845764, 0.5809366703033447]]}