{"z0": 50.0, "z1": -74.3306884765625, "uv": [[0.07376755028963089, 0.4027651846408844], [0.07376755028963089, 0.6372514963150024], [0.3320852518081665, 0.3264692425727844], [0.3320852518081665, 0.7314676642417908], [0.6943957805633545, 0.3745518624782562], [0.6943957805633545, 0.6740431785583496], [0.8924171924591064, 0.4141431152820587], [0.8924171924591064, 0.6218101978302002]]}