{"z0": 50.0, "z1": -53.306129455566406, "uv": [[0.12093477696180344, 0.40629565715789795], [0.12093477696180344, 0.5975095629692078], [0.29780420660972595, 0.3740594983100891], [0.29780420660972595, 0.6313544511795044], [0.7000111937522888, 0.37134483456611633], [0.7000111937522888, 0.6341907382011414], [0.8801805973052979, 0.4052039682865143], [0.8801805973052979, 0.5986602902412415]]}