{"z0": 50.0, "z1": -107.0093994140625, "uv": [[0.19191604852676392, 0.4362032115459442], [0.19191604852676392, 0.6277369856834412], [0.3280182182788849, 0.4397737681865692], [0.3280182182788849, 0.6209747195243835], [0.560911238193512, 0.3866473138332367], [0.560911238193512, 0.7115773558616638], [0.9162483811378479, 0.3541887700557709], [0.9162483811378479, 0.7563442587852478]]}