{"z0": 50.0, "z1": -54.023983001708984, "uv": [[0.12077580392360687, 0.38904237747192383], [0.12077580392360687, 0.6170915365219116], [0.39747050404548645, 0.4027928411960602], [0.39747050404548645, 0.6024824976921082], [0.56640625, 0.390359491109848], [0.56640625, 0.6156948804855347], [0.6131017804145813, 0.3341166079044342], [0.6131017804145813, 0.6747339963912964], [0.62890625, 0.3468247354030609], [0.62890625, 0.6615087389945984], [0.902601957321167, 0.3756885230541229], [0.902601957321167, 0.6312161684036255]]}