{"z0": 50.0, "z1": -31.53719711303711, "uv": [[0.08940142393112183, 0.3089158833026886], [0.08940142393112183, 0.6280102729797363], [0.4047754406929016, 0.30197766423225403], [0.4047754406929016, 0.6334573030471802], [0.6219791769981384, 0.3228161931037903], [0.6219791769981384, 0.6173387765884399], [0.8823195099830627, 0.3278120458126068], [0.8823195099830627, 0.6135774850845337]]}