{"z0": 50.0, "z1": -37.899742126464844, "uv": [[0.11080595850944519, 0.4206162691116333], [0.11080595850944519, 0.558968722820282], [0.30291518568992615, 0.38654714822769165], [0.30291518568992615, 0.5857993364334106], [0.6591796875, 0.32649755477905273], [0.6591796875, 0.6353210210800171], [0.6709714531898499, 0.3203188180923462], [0.6709714531898499, 0.6406244039535522], [0.70703125, 0.3918036222457886], [0.70703125, 0.5816109776496887], [0.8771577477455139, 0.42032384872436523], [0.8771577477455139, 0.5591961741447449], [0.966274082660675, 0.3936929702758789], [0.966274082660675, 0.5801103115081787], [0.9683600664138794, 0.3997892439365387], [0.9683600664138794, 0.575284481048584]]}