{"z0": 50.0, "z1": -62.98394775390625, "uv": [[0.10748032480478287, 0.368455708026886], [0.10748032480478287, 0.658540666103363], [0.44058433175086975, 0.4208205044269562], [0.44058433175086975, 0.5964084267616272], [0.562365710735321, 0.4215628206729889], [0.562365710735321, 0.5955044031143188], [0.8859642744064331, 0.37183070182800293], [0.8859642744064331, 0.6546440720558167]]}