{"z0": 50.0, "z1": -39.142982482910156, "uv": [[0.05959317088127136, 0.3926088213920593], [0.05959317088127136, 0.5835365653038025], [0.4073985517024994, 0.3475289046764374], [0.4073985517024994, 0.6211093068122864], [0.5902665853500366, 0.3468116223812103], [0.5902665853500366, 0.6217207312583923], [0.9404435753822327, 0.3923618197441101], [0.9404435753822327, 0.583738386631012]]}