{"z0": 50.0, "z1": -103.28604125976562, "uv": [[0.17820008099079132, 0.45195651054382324], [0.17820008099079132, 0.5940390825271606], [0.3524952530860901, 0.45729225873947144], [0.3524952530860901, 0.5836721658706665], [0.6092202663421631, 0.4457985758781433], [0.6092202663421631, 0.6058120727539062], [0.8541310429573059, 0.43311071395874023], [0.8541310429573059, 0.6293537020683289]]}