{"z0": 50.0, "z1": -39.084564208984375, "uv": [[0.16778387129306793, 0.32010582089424133], [0.16778387129306793, 0.6446545124053955], [0.39343762397766113, 0.3652054965496063], [0.39343762397766113, 0.6060367226600647], [0.5981608033180237, 0.36100929975509644], [0.5981608033180237, 0.6095513105392456], [0.838023841381073, 0.30961641669273376], [0.838023841381073, 0.6539334654808044]]}