{"z0": 50.0, "z1": -36.2916259765625, "uv": [[0.13396483659744263, 0.22467435896396637], [0.13396483659744263, 0.7225914597511292], [0.445975124835968, 0.3477325439453125], [0.445975124835968, 0.612817645072937], [0.6102442145347595, 0.37286609411239624], [0.6102442145347595, 0.5928899049758911], [0.8061555027961731, 0.32421424984931946], [0.8061555027961731, 0.6320813894271851]]}