{"z0": 50.0, "z1": -63.11689758300781, "uv": [[0.17618246376514435, 0.41765522956848145], [0.17618246376514435, 0.6004562377929688], [0.30364498496055603, 0.4135841727256775], [0.30364498496055603, 0.605398416519165], [0.6524224281311035, 0.35856199264526367], [0.6524224281311035, 0.6701646447181702], [0.8729365468025208, 0.37476038932800293], [0.8729365468025208, 0.6515230536460876]]}