{"z0": 50.0, "z1": -40.40968704223633, "uv": [[0.10807925462722778, 0.32235482335090637], [0.10807925462722778, 0.6468891501426697], [0.42630675435066223, 0.3679977357387543], [0.42630675435066223, 0.6069930195808411], [0.6115115880966187, 0.3858105540275574], [0.6115115880966187, 0.5918602347373962], [0.8486914038658142, 0.3601681888103485], [0.8486914038658142, 0.613715410232544]]}