{"z0": 50.0, "z1": -39.62700653076172, "uv": [[0.19299283623695374, 0.36405596137046814], [0.19299283623695374, 0.6083821654319763], [0.3578278124332428, 0.38505300879478455], [0.3578278124332428, 0.5907886028289795], [0.5389187335968018, 0.33255574107170105], [0.5389187335968018, 0.6354472041130066], [0.9192522764205933, 0.22869759798049927], [0.9192522764205933, 0.7324294447898865]]}