{"z0": 50.0, "z1": -52.23418045043945, "uv": [[0.16003701090812683, 0.36897000670433044], [0.16003701090812683, 0.6342258453369141], [0.3874970078468323, 0.39723896980285645], [0.3874970078468323, 0.6050333380699158], [0.6510776281356812, 0.4204975664615631], [0.6510776281356812, 0.5809084177017212], [0.80738365650177, 0.40950989723205566], [0.80738365650177, 0.5923160314559937]]}