{"z0": 50.0, "z1": -35.01858139038086, "uv": [[0.1513671875, 0.31268131732940674], [0.1513671875, 0.6373862624168396], [0.3552090525627136, 0.3178301155567169], [0.3552090525627136, 0.6331349611282349], [0.3662109375, 0.3057304918766022], [0.3662109375, 0.6431865692138672], [0.44451647996902466, 0.40138205885887146], [0.44451647996902466, 0.5685122013092041], [0.611115038394928, 0.4188863933086395], [0.611115038394928, 0.5557572841644287], [0.8027830719947815, 0.38438722491264343], [0.8027830719947815, 0.5811036229133606]]}