{"z0": 50.0, "z1": -78.33139038085938, "uv": [[0.09306389838457108, 0.3829474151134491], [0.09306389838457108, 0.6705849766731262], [0.46039295196533203, 0.44619664549827576], [0.46039295196533203, 0.5807099342346191], [0.6214491128921509, 0.45961615443229675], [0.6214491128921509, 0.5603086948394775], [0.808864176273346, 0.44631054997444153], [0.808864176273346, 0.5805382132530212]]}