{"z0": 50.0, "z1": -44.13240051269531, "uv": [[0.20180995762348175, 0.3749028444290161], [0.20180995762348175, 0.6097917556762695], [0.3540155589580536, 0.39449819922447205], [0.3540155589580536, 0.5920095443725586], [0.5640633702278137, 0.3481826186180115], [0.5640633702278137, 0.6343287229537964], [0.8690654039382935, 0.2571805417537689], [0.8690654039382935, 0.7211393713951111]]}