{"z0": 50.0, "z1": -41.323280334472656, "uv": [[0.15188011527061462, 0.3677772581577301], [0.15188011527061462, 0.6094373464584351], [0.3249662518501282, 0.35762888193130493], [0.3249662518501282, 0.6183097958564758], [0.5752080082893372, 0.2611143887042999], [0.5752080082893372, 0.7070804834365845], [0.9423584938049316, 0.3022177517414093], [0.9423584938049316, 0.6681928634643555]]}