{"z0": 50.0, "z1": -62.570892333984375, "uv": [[0.18057291209697723, 0.38434097170829773], [0.18057291209697723, 0.6392529606819153], [0.3741636574268341, 0.40796563029289246], [0.3741636574268341, 0.6112894415855408], [0.5617985725402832, 0.38194164633750916], [0.5617985725402832, 0.6420544981956482], [0.8839049339294434, 0.31090685725212097], [0.8839049339294434, 0.7213543057441711]]}