{"z0": 50.0, "z1": -60.09722137451172, "uv": [[0.0, 0.36996859312057495], [0.0, 0.6506291031837463], [-1.348851674265461e-05, 0.37316927313804626], [-1.348851674265461e-05, 0.6470255851745605], [0.0869140625, 0.3901599645614624], [0.0869140625, 0.6277198791503906], [0.34846851229667664, 0.33789604902267456], [0.34846851229667664, 0.6861160397529602], [0.6721561551094055, 0.36585792899131775], [0.6721561551094055, 0.6552411913871765], [0.8870551586151123, 0.3985809087753296], [0.8870551586151123, 0.6180469393730164]]}