{"z0": 50.0, "z1": -53.87831497192383, "uv": [[0.4415609538555145, 0.41449594497680664], [0.4415609538555145, 0.5897694826126099], [0.5508245229721069, 0.41328638792037964], [0.5508245229721069, 0.5910583734512329], [0.9259004592895508, 0.38100218772888184], [0.9259004592895508, 0.6252970099449158], [0.9990234375, 0.3685802221298218], [0.9990234375, 0.6383772492408752], [0.9990219473838806, 0.3682212233543396], [0.9990219473838806, 0.6387544274330139], [0.08203125, 0.3838565945625305], [0.08203125, 0.6222835183143616]]}