{"z0": 50.0, "z1": -54.183406829833984, "uv": [[0.1585109978914261, 0.3698092997074127], [0.1585109978914261, 0.637772262096405], [0.3396587371826172, 0.3694126009941101], [0.3396587371826172, 0.638190746307373], [0.5476223230361938, 0.2906976640224457], [0.5476223230361938, 0.7198182940483093], [0.9519330263137817, 0.2923526167869568], [0.9519330263137817, 0.7181330323219299]]}