{"z0": 50.0, "z1": -90.9333724975586, "uv": [[0.19571734964847565, 0.459367036819458], [0.19571734964847565, 0.5703047513961792], [0.3343299925327301, 0.46278685331344604], [0.3343299925327301, 0.5642820000648499], [0.6195029020309448, 0.44726330041885376], [0.6195029020309448, 0.5913197994232178], [0.839512288570404, 0.43546780943870544], [0.839512288570404, 0.6112740635871887]]}