{"z0": 50.0, "z1": -33.11220932006836, "uv": [[0.17973656952381134, 0.2274639904499054], [0.17973656952381134, 0.7056067585945129], [0.43517306447029114, 0.3520413041114807], [0.43517306447029114, 0.6003574132919312], [0.6390904784202576, 0.3929581344127655], [0.6390904784202576, 0.5707461833953857], [0.775820791721344, 0.3660013973712921], [0.775820791721344, 0.590063750743866]]}