{"z0": 50.0, "z1": -55.11793518066406, "uv": [[0.15453052520751953, 0.37789714336395264], [0.15453052520751953, 0.6312244534492493], [0.36851534247398376, 0.39055079221725464], [0.36851534247398376, 0.6176398992538452], [0.5881454944610596, 0.3663603365421295], [0.5881454944610596, 0.6435425877571106], [0.8874022364616394, 0.34082746505737305], [0.8874022364616394, 0.6705561280250549]]}