{"z0": 50.0, "z1": -59.882816314697266, "uv": [[0.1501465141773224, 0.3998747169971466], [0.1501465141773224, 0.6161725521087646], [0.30576813220977783, 0.3855796456336975], [0.30576813220977783, 0.632529079914093], [0.6502747535705566, 0.32053276896476746], [0.6502747535705566, 0.7042863368988037], [0.9010342359542847, 0.364776074886322], [0.9010342359542847, 0.655977189540863]]}