{"z0": 50.0, "z1": -102.4988021850586, "uv": [[0.09631291776895523, 0.42151376605033875], [0.09631291776895523, 0.648962140083313], [0.38774770498275757, 0.4118765890598297], [0.38774770498275757, 0.6652954816818237], [0.6282050013542175, 0.419842004776001], [0.6282050013542175, 0.6518417596817017], [0.8862846493721008, 0.4272780418395996], [0.8862846493721008, 0.6388869881629944]]}