{"z0": 50.0, "z1": -68.15939331054688, "uv": [[0.2125546932220459, 0.3766957223415375], [0.2125546932220459, 0.6593983173370361], [0.40706899762153625, 0.4276595115661621], [0.40706899762153625, 0.5949552655220032], [0.5066776871681213, 0.41434457898139954], [0.5066776871681213, 0.6122313141822815], [0.9545474648475647, 0.16929031908512115], [0.9545474648475647, 0.8685072064399719]]}