{"z0": 50.0, "z1": -51.53868865966797, "uv": [[0.0510048046708107, 0.2734472453594208], [0.0510048046708107, 0.7293772101402283], [0.47057101130485535, 0.3546147346496582], [0.47057101130485535, 0.6472681164741516], [0.6245290637016296, 0.3917084038257599], [0.6245290637016296, 0.6093859672546387], [0.829323947429657, 0.3685164153575897], [0.829323947429657, 0.6330938935279846]]}