{"z0": 50.0, "z1": -49.142311096191406, "uv": [[0.09341677278280258, 0.3462519943714142], [0.09341677278280258, 0.6495503783226013], [0.40615108609199524, 0.3469194769859314], [0.40615108609199524, 0.6488896012306213], [0.5992353558540344, 0.35049697756767273], [0.5992353558540344, 0.6453485488891602], [0.8992273211479187, 0.34987589716911316], [0.8992273211479187, 0.645963191986084]]}