{"z0": 50.0, "z1": -36.6090202331543, "uv": [[0.1330501139163971, 0.37979447841644287], [0.1330501139163971, 0.5882344841957092], [0.2935890555381775, 0.349343478679657], [0.2935890555381775, 0.6124241948127747], [0.6545681357383728, 0.2421247810125351], [0.6545681357383728, 0.7068148255348206], [0.9300960302352905, 0.34307748079299927], [0.9300960302352905, 0.6175159215927124]]}