{"z0": 50.0, "z1": -30.063993453979492, "uv": [[0.14697958528995514, 0.30616286396980286], [0.14697958528995514, 0.6246651411056519], [0.3547125458717346, 0.30806830525398254], [0.3547125458717346, 0.6232234835624695], [0.5984967350959778, 0.26478901505470276], [0.5984967350959778, 0.6577324271202087], [0.8978932499885559, 0.2611924707889557], [0.8978932499885559, 0.6607836484909058]]}