{"z0": 50.0, "z1": -65.07157897949219, "uv": [[0.07032519578933716, 0.44593849778175354], [0.07032519578933716, 0.5676730275154114], [0.41376957297325134, 0.43598827719688416], [0.41376957297325134, 0.5803329348564148], [0.5262349843978882, 0.42691707611083984], [0.5262349843978882, 0.5917854309082031], [0.9781203866004944, 0.44085296988487244], [0.9781203866004944, 0.5741554498672485]]}