{"z0": 50.0, "z1": -54.22410202026367, "uv": [[0.12374576181173325, 0.3912845849990845], [0.12374576181173325, 0.6151052117347717], [0.3307056725025177, 0.3680042624473572], [0.3307056725025177, 0.6397682428359985], [0.6645063757896423, 0.3630771040916443], [0.6645063757896423, 0.6449601054191589], [0.879683256149292, 0.38859790563583374], [0.879683256149292, 0.6179620623588562]]}