{"z0": 50.0, "z1": -36.66759490966797, "uv": [[0.048676323145627975, 0.3631848990917206], [0.048676323145627975, 0.6014731526374817], [0.32311391830444336, 0.20326578617095947], [0.32311391830444336, 0.7460663318634033], [0.6951609253883362, 0.24827201664447784], [0.6951609253883362, 0.7011547088623047], [0.932529628276825, 0.3682475686073303], [0.932529628276825, 0.5974531173706055]]}