{"z0": 50.0, "z1": -83.18187713623047, "uv": [[0.17988526821136475, 0.3515172600746155], [0.17988526821136475, 0.7197855710983276], [0.41410863399505615, 0.4115281105041504], [0.41410863399505615, 0.6386593580245972], [0.6088683009147644, 0.4199446439743042], [0.6088683009147644, 0.6261389255523682], [0.8015396595001221, 0.3837791979312897], [0.8015396595001221, 0.6779947876930237]]}