{"z0": 50.0, "z1": -59.351905822753906, "uv": [[0.18361182510852814, 0.36126700043678284], [0.18361182510852814, 0.6586902141571045], [0.38103243708610535, 0.39415618777275085], [0.38103243708610535, 0.6217473745346069], [0.6275177001953125, 0.3997334837913513], [0.6275177001953125, 0.6153855919837952], [0.8086730241775513, 0.3732471466064453], [0.8086730241775513, 0.645352303981781]]}