{"z0": 50.0, "z1": -36.165992736816406, "uv": [[0.20057182013988495, 0.40934810042381287], [0.20057182013988495, 0.5647110939025879], [0.3560018539428711, 0.42459234595298767], [0.3560018539428711, 0.5533309578895569], [0.595403254032135, 0.4014858901500702], [0.595403254032135, 0.5706354379653931], [0.8336198329925537, 0.3560227155685425], [0.8336198329925537, 0.6058313846588135]]}