{"z0": 50.0, "z1": -59.9521484375, "uv": [[0.05552208423614502, 0.38587331771850586], [0.05552208423614502, 0.6323317885398865], [0.4002406895160675, 0.32029280066490173], [0.4002406895160675, 0.7047193050384521], [0.6513415575027466, 0.36488187313079834], [0.6513415575027466, 0.6560126543045044], [0.9002318978309631, 0.40015363693237305], [0.9002318978309631, 0.6159749627113342]]}