{"z0": 50.0, "z1": -61.463600158691406, "uv": [[0.09136733412742615, 0.3505609333515167], [0.09136733412742615, 0.6754274964332581], [0.42607638239860535, 0.37495362758636475], [0.42607638239860535, 0.6478720903396606], [0.6046351194381714, 0.388387531042099], [0.6046351194381714, 0.6323866844177246], [0.8731395602226257, 0.3721495270729065], [0.8731395602226257, 0.6510774493217468]]}