{"z0": 50.0, "z1": -41.14689254760742, "uv": [[0.1579277366399765, 0.3546917140483856], [0.1579277366399765, 0.6204202175140381], [0.3497866690158844, 0.35934898257255554], [0.3497866690158844, 0.6163425445556641], [0.6111127138137817, 0.3249933123588562], [0.6111127138137817, 0.6468245387077332], [0.8786616921424866, 0.3156794607639313], [0.8786616921424866, 0.6552610397338867]]}