{"z0": 50.0, "z1": -82.05237579345703, "uv": [[4.7236237151082605e-05, 0.4258047342300415], [4.7236237151082605e-05, 0.6158056855201721], [0.0, 0.43206560611724854], [0.0, 0.6062994599342346], [0.07535125315189362, 0.4393404424190521], [0.07535125315189362, 0.5951020121574402], [0.32347553968429565, 0.38628602027893066], [0.32347553968429565, 0.6726323366165161], [0.6881797313690186, 0.4033007025718689], [0.6881797313690186, 0.6488738656044006], [0.90234375, 0.4386838674545288], [0.90234375, 0.5961189866065979]]}