{"z0": 50.0, "z1": -49.021175384521484, "uv": [[0.049709562212228775, 0.30664941668510437], [0.049709562212228775, 0.6884652972221375], [0.4786776602268219, 0.4090064764022827], [0.4786776602268219, 0.5873681306838989], [0.565531313419342, 0.4156050682067871], [0.565531313419342, 0.5808804631233215], [0.8675615191459656, 0.353811115026474], [0.8675615191459656, 0.6417619585990906]]}