{"z0": 50.0, "z1": -68.67086029052734, "uv": [[0.12453342229127884, 0.36161935329437256], [0.12453342229127884, 0.6785767078399658], [0.3820272982120514, 0.36752915382385254], [0.3820272982120514, 0.671512246131897], [0.6680720448493958, 0.40913140773773193], [0.6680720448493958, 0.6197331547737122], [0.8246690034866333, 0.4073128402233124], [0.8246690034866333, 0.6220670342445374]]}