{"z0": 50.0, "z1": -41.57569122314453, "uv": [[0.17048496007919312, 0.3596757650375366], [0.17048496007919312, 0.6171681880950928], [0.3875693082809448, 0.39347147941589355], [0.3875693082809448, 0.587782084941864], [0.638945996761322, 0.4094707667827606], [0.638945996761322, 0.5740931630134583], [0.8077080845832825, 0.3914830684661865], [0.8077080845832825, 0.5894924402236938]]}