{"z0": 50.0, "z1": -85.18889617919922, "uv": [[0.17949704825878143, 0.34429171681404114], [0.17949704825878143, 0.7323325276374817], [0.4549825191497803, 0.4481276571750641], [0.4549825191497803, 0.584378719329834], [0.589250385761261, 0.4541792571544647], [0.589250385761261, 0.5744909048080444], [0.7830454111099243, 0.4182056784629822], [0.7830454111099243, 0.6315311789512634]]}