{"z0": 50.0, "z1": -79.2557144165039, "uv": [[0.10456868261098862, 0.4006410837173462], [0.10456868261098862, 0.648167610168457], [0.4206150770187378, 0.4217345416545868], [0.4206150770187378, 0.6181144714355469], [0.6268994808197021, 0.4373827576637268], [0.6268994808197021, 0.5949567556381226], [0.8441229462623596, 0.42815589904785156], [0.8441229462623596, 0.6086941361427307]]}