{"z0": 50.0, "z1": -42.512290954589844, "uv": [[0.15908683836460114, 0.30757585167884827], [0.15908683836460114, 0.667153537273407], [0.39764654636383057, 0.3549605906009674], [0.39764654636383057, 0.6238109469413757], [0.5573722124099731, 0.3349309265613556], [0.5573722124099731, 0.641929566860199], [0.8920838832855225, 0.24970518052577972], [0.8920838832855225, 0.7226436734199524]]}