{"z0": 50.0, "z1": -38.56193542480469, "uv": [[0.0, 0.2968527376651764], [0.0, 0.6635483503341675], [1.0138443030882627e-05, 0.29371923208236694], [1.0138443030882627e-05, 0.6663733720779419], [0.0810546875, 0.314281165599823], [0.0810546875, 0.6480592489242554], [0.36774685978889465, 0.2514045834541321], [0.36774685978889465, 0.7058403491973877], [0.6974086165428162, 0.3596087396144867], [0.6974086165428162, 0.6093514561653137], [0.8435790538787842, 0.3749830722808838], [0.8435790538787842, 0.5966618657112122]]}