{"z0": 50.0, "z1": -72.42909240722656, "uv": [[0.16222533583641052, 0.4269706904888153], [0.16222533583641052, 0.6015217304229736], [0.3272557258605957, 0.42455148696899414], [0.3272557258605957, 0.604836642742157], [0.551932156085968, 0.356431245803833], [0.551932156085968, 0.6925921440124512], [0.9535152316093445, 0.37152785062789917], [0.9535152316093445, 0.6741554737091064]]}