{"z0": 50.0, "z1": -68.08901977539062, "uv": [[0.1608138382434845, 0.40622568130493164], [0.1608138382434845, 0.6225080490112305], [0.34437912702560425, 0.408412367105484], [0.34437912702560425, 0.6197224259376526], [0.5719931125640869, 0.3596670925617218], [0.5719931125640869, 0.6796638369560242], [0.9215598106384277, 0.3512701392173767], [0.9215598106384277, 0.6895017027854919]]}