{"z0": 50.0, "z1": -53.654014587402344, "uv": [[0.17535261809825897, 0.3798729479312897], [0.17535261809825897, 0.62601238489151], [0.3329809904098511, 0.3832571506500244], [0.3329809904098511, 0.6224510669708252], [0.6913729310035706, 0.4146260917186737], [0.6913729310035706, 0.5892735123634338], [0.8005975484848022, 0.4133426547050476], [0.8005975484848022, 0.5906363725662231]]}