{"z0": 50.0, "z1": -96.45951843261719, "uv": [[0.1657610386610031, 0.42631056904792786], [0.1657610386610031, 0.6332305669784546], [0.4289483428001404, 0.4624715745449066], [0.4289483428001404, 0.5687151551246643], [0.5770218968391418, 0.4632570743560791], [0.5770218968391418, 0.5672509670257568], [0.8259419798851013, 0.431965172290802], [0.8259419798851013, 0.6235693693161011]]}