{"z0": 50.0, "z1": -60.502662658691406, "uv": [[0.13657106459140778, 0.3979693055152893], [0.13657106459140778, 0.6194847226142883], [0.3396311104297638, 0.3874710202217102], [0.3396311104297638, 0.6315843462944031], [0.5984827876091003, 0.33802711963653564], [0.5984827876091003, 0.6869619488716125], [0.9218903183937073, 0.36561447381973267], [0.9218903183937073, 0.6564061045646667]]}