{"z0": 50.0, "z1": -48.47612762451172, "uv": [[0.14269037544727325, 0.3927251398563385], [0.14269037544727325, 0.6023077964782715], [0.3518506586551666, 0.3905649483203888], [0.3518506586551666, 0.604416012763977], [0.6416442394256592, 0.3860018253326416], [0.6416442394256592, 0.6088711619377136], [0.8619328141212463, 0.38844045996665955], [0.8619328141212463, 0.606489896774292]]}