{"z0": 50.0, "z1": -53.64221954345703, "uv": [[0.15251000225543976, 0.3633017838001251], [0.15251000225543976, 0.6433666348457336], [0.34361109137535095, 0.36179906129837036], [0.34361109137535095, 0.6449378132820129], [0.5818643569946289, 0.30098575353622437], [0.5818643569946289, 0.7077730298042297], [0.9198088645935059, 0.3054604232311249], [0.9198088645935059, 0.7032022476196289]]}