{"z0": 50.0, "z1": -91.74150085449219, "uv": [[0.21710379421710968, 0.45737379789352417], [0.21710379421710968, 0.5744390487670898], [0.32494235038757324, 0.46114522218704224], [0.32494235038757324, 0.5677645206451416], [0.5485047101974487, 0.4211476445198059], [0.5485047101974487, 0.6357529759407043], [0.8931182026863098, 0.3487285375595093], [0.8931182026863098, 0.7386801242828369]]}