{"z0": 50.0, "z1": -102.68431854248047, "uv": [[0.1332835853099823, 0.44349634647369385], [0.1332835853099823, 0.6095609664916992], [0.37339258193969727, 0.445904016494751], [0.37339258193969727, 0.6050363183021545], [0.6226626038551331, 0.44492748379707336], [0.6226626038551331, 0.6068755388259888], [0.8686956763267517, 0.44237804412841797], [0.8686956763267517, 0.6116510033607483]]}